id,status,changes
935,Non core,1521
9816,Core,7640
16515,Non core,430
11628,Core,1418
11975,Core,2524
17669,Core,385
27900,Core,263
6816,Core,8071
22629,Core,576
28223,Non core,620
10366,Non core,176
33689,Non core,178
8556,Core,3891
32968,Non core,139
27615,Core,371
4393,Core,1587
15197,Core,1246
24072,Core,645
8833,Core,1784
9656,Non core,1792
7847,Core,783
1004,Core,1378
16688,Core,1551
32926,Non core,452
32666,Core,92
28619,Core,2960
8313,Core,492
34598,Non core,32
23851,Core,1166
28522,Core,2015
29074,Non core,11
23084,Core,38
28706,Non core,174
18418,Core,45
30073,Core,195
1131,Core,804
12549,Non core,1154
30074,Non core,3
20676,Core,143
34120,Non core,40
14826,Core,3323
14250,Core,307
34375,Non core,63
13252,Core,904
25613,Non core,85
16198,Non core,18
35355,Non core,3
5314,Core,1036
5572,Non core,33
8992,Non core,258
17685,Non core,1583
20733,Non core,307
27909,Core,264
30434,Non core,325
34208,Core,68
32787,Non core,9
21129,Core,468
16207,Non core,10
5689,Core,539
34918,Non core,3
7118,Core,2564
4690,Core,671
4146,Core,964
30002,Core,186
6593,Core,1964
8297,Core,523
26285,Core,249
32962,Core,204
10239,Core,3930
34930,Non core,7
9414,Non core,5793
29632,Core,166
21420,Core,525
5756,Core,529
19065,Non core,55
5263,Core,1496
15382,Non core,27
32240,Non core,26
12393,Core,1028
15343,Core,1555
30126,Non core,118
15334,Core,2651
29313,Core,519
7730,Core,392
22954,Non core,206
16312,Core,347
34996,Non core,7
31412,Core,247
14567,Non core,217
12898,Core,1056
32553,Non core,11
15554,Non core,169
22873,Core,261
11604,Core,309
2424,Non core,248
35025,Non core,31
33688,Non core,37
28806,Non core,5
28008,Core,191
20870,Non core,2582
32177,Non core,64
6914,Core,210
31245,Non core,286
1,Core,1557
6926,Core,1049
10969,Core,1248
4264,Core,338
8213,Core,898
30561,Non core,544
19262,Core,168
33196,Non core,40
10342,Core,251
8367,Core,353
11805,Non core,1226
20634,Non core,749
30463,Non core,7
27339,Core,137
8064,Core,98
4571,Core,1879
34293,Non core,35
6796,Non core,1178
31542,Core,153
23567,Core,379
28356,Core,87
34589,Non core,15
32458,Non core,107
8543,Core,657
33080,Non core,40
23811,Non core,358
11655,Core,1616
8655,Core,695
8648,Core,214
34860,Non core,23
9914,Core,372
32053,Non core,7
8449,Core,920
30491,Core,1821
9562,Core,195
14611,Non core,78
29244,Core,535
11583,Core,62
13686,Non core,883
25600,Core,152
13425,Core,94
13861,Core,958
7144,Non core,1365
7973,Core,508
13692,Core,168
28595,Non core,18
14200,Core,523
34275,Non core,7
11600,Core,624
5202,Core,287
9531,Core,272
30695,Non core,23
16643,Core,1160
34647,Non core,4
35075,Non core,7
31075,Non core,68
34429,Core,132
34671,Non core,5
14107,Core,1022
34232,Non core,4
34175,Non core,4
34940,Non core,11
34564,Non core,13
29307,Non core,6
34352,Non core,51
17216,Non core,543
34427,Non core,8
22623,Core,349
15993,Core,78
6773,Core,1386
7634,Core,782
7414,Core,73
16465,Core,90
33607,Non core,3
9976,Core,478
24245,Core,1094
35059,Non core,6
10058,Non core,106
18002,Non core,489
34621,Non core,3
30674,Non core,54
32927,Non core,24
22865,Non core,132
33307,Non core,6
31668,Non core,5
4694,Core,178
34076,Non core,9
25023,Core,1905
30623,Core,6
32102,Core,91
30247,Non core,7
308,Core,1447
32657,Non core,64
35007,Non core,4
14482,Core,193
26458,Core,384
28609,Non core,63
34411,Non core,17
35264,Non core,4
30742,Core,62
34423,Non core,15
6413,Core,214
34118,Non core,39
33340,Non core,3
30562,Core,48
25701,Core,148
9542,Core,577
10459,Core,1035
32919,Non core,37
33787,Non core,14
34451,Core,115
31792,Non core,15
20182,Non core,160
34952,Non core,7
19138,Non core,148
4257,Core,1490
30566,Non core,25
29974,Core,68
15519,Core,712
25402,Core,494
11297,Non core,82
16137,Core,2041
31779,Non core,4
35016,Non core,7
14288,Core,404
32586,Non core,63
31068,Non core,23
34226,Non core,6
13039,Non core,681
4523,Core,1141
17566,Core,6
34260,Non core,6
14119,Core,738
6476,Non core,1589
31721,Non core,36
19298,Core,97
8122,Core,354
6737,Non core,334
7166,Core,351
31581,Non core,9
16708,Core,312
34520,Non core,8
31033,Core,54
34750,Non core,6
32755,Non core,33
11536,Core,1584
33765,Non core,15
35058,Non core,79
34720,Non core,6
34346,Non core,9
5241,Non core,462
31857,Core,42
35067,Non core,43
6681,Non core,525
24828,Core,236
11166,Non core,415
34653,Non core,13
27565,Core,154
30455,Core,148
14394,Core,6
32148,Non core,7
16011,Core,101
9708,Core,941
33795,Non core,5
34107,Non core,5
31813,Non core,26
15527,Non core,35
167,Core,1436
33634,Non core,10
29775,Core,243
32671,Non core,3
34665,Non core,11
34340,Non core,27
32921,Non core,43
32020,Non core,23
23360,Non core,20
34543,Non core,8
9642,Non core,17
33492,Non core,39
23922,Non core,11
33473,Non core,6
5803,Core,431
7353,Core,2313
1179,Core,413
24777,Non core,6
28048,Core,176
30615,Non core,95
34712,Non core,3
30380,Core,62
33612,Non core,13
30077,Core,32
32114,Non core,36
33240,Non core,20
21961,Core,335
34847,Non core,4
13177,Non core,82
12825,Non core,39
28329,Non core,80
33717,Non core,49
33244,Non core,12
6282,Non core,81
34892,Non core,4
29543,Non core,27
31746,Non core,74
24061,Core,60
4149,Non core,47
6968,Core,331
12404,Core,744
9545,Core,1067
34123,Non core,13
8846,Core,227
34319,Non core,4
31737,Core,26
28062,Non core,229
32363,Non core,20
35012,Non core,3
21387,Core,380
28748,Core,179
16164,Non core,5
15206,Non core,10
9535,Core,626
19134,Core,703
7130,Non core,116
32029,Non core,236
10234,Core,414
33594,Non core,3
32581,Non core,14
9311,Core,249
9303,Core,416
31072,Non core,30
35161,Non core,3
34271,Non core,17
32190,Non core,21
23866,Non core,28
28743,Non core,36
30750,Non core,75
11075,Non core,44
27418,Non core,5
16339,Non core,15
35099,Non core,6
31450,Non core,11
30555,Non core,35
35098,Non core,4
34913,Non core,3
6618,Core,603
20778,Core,345
31506,Non core,76
35024,Non core,6
17068,Core,2355
14805,Non core,798
5559,Non core,10
31976,Non core,8
31652,Non core,4
15054,Core,394
33502,Non core,7
33648,Non core,14
30996,Non core,6
597,Core,163
33881,Non core,39
8864,Core,306
14525,Core,554
32688,Non core,5
21785,Core,50
31213,Core,30
33525,Non core,5
21798,Non core,400
10910,Core,35
27032,Core,193
34290,Non core,3
32667,Non core,66
13095,Core,482
6962,Non core,123
32398,Non core,13
5112,Non core,35
29122,Non core,25
28701,Non core,28
7233,Core,116
1955,Core,214
33292,Non core,13
29759,Non core,5
31664,Non core,9
28499,Non core,5
32074,Non core,8
30409,Non core,44
11090,Core,475
21991,Non core,9
12640,Non core,21
27427,Non core,69
33732,Non core,86
31052,Non core,6
33871,Non core,13
7549,Non core,593
30858,Non core,15
8108,Non core,121
9236,Core,86
7294,Non core,32
1926,Core,902
34668,Non core,3
33455,Core,37
34959,Non core,5
17097,Non core,81
34533,Non core,13
31730,Non core,8
34936,Non core,4
34933,Non core,3
17559,Non core,3
27774,Non core,5
34946,Non core,3
819,Non core,73
23618,Non core,12
32333,Non core,8
27446,Non core,5
34067,Non core,4
29260,Non core,11
31906,Non core,4
16768,Core,44
8161,Non core,19
20813,Core,74
25241,Non core,93
33121,Non core,7
21778,Non core,21
9373,Non core,97
28691,Non core,20
32352,Non core,5
8157,Non core,322
34821,Non core,3
32717,Non core,3
34718,Non core,15
33950,Non core,4
31827,Non core,55
33161,Non core,16
27190,Non core,50
29870,Non core,8
19234,Non core,123
7369,Core,218
21107,Non core,18
29425,Non core,42
33712,Non core,4
31719,Non core,6
5948,Core,363
18816,Non core,65
13671,Non core,104
32288,Non core,18
841,Core,2320
9369,Core,242
32411,Non core,17
2711,Non core,64
33898,Non core,5
32594,Non core,24
32736,Non core,15
33301,Non core,3
18904,Non core,136
21715,Non core,14
33173,Non core,3
29071,Non core,77
21069,Core,221
34579,Non core,5
28271,Non core,14
24965,Non core,3
28719,Non core,60
33780,Non core,5
32433,Non core,9
29037,Non core,6
30911,Non core,14
33536,Non core,3
21528,Core,143
11290,Non core,61
34213,Non core,3
33828,Non core,7
27256,Non core,12
20498,Core,433
23266,Non core,3
13995,Core,270
8863,Core,314
29605,Non core,13
31039,Non core,15
33036,Non core,3
31291,Non core,40
29296,Non core,4
20663,Non core,111
33786,Non core,12
7156,Non core,435
33519,Core,8
3153,Core,6958
32881,Non core,6
30407,Core,65
12932,Non core,22
27419,Non core,361
3031,Non core,161
5997,Core,293
28759,Non core,10
33125,Non core,3
23804,Core,251
9139,Non core,18
28514,Non core,4
32090,Non core,9
7198,Core,418
21757,Non core,33
30534,Non core,7
2733,Non core,64
33558,Non core,8
30696,Non core,40
29568,Non core,6
26693,Non core,13
32349,Non core,35
11292,Core,153
33282,Non core,8
4727,Non core,87
7488,Core,1111
30810,Non core,38
31289,Non core,847
33741,Non core,23
24824,Non core,154
19724,Core,50
11904,Core,2937
18551,Non core,11
9003,Core,665
34141,Non core,6
30893,Non core,32
9247,Non core,19
21247,Non core,7
34201,Non core,4
31769,Non core,7
30744,Non core,3
29088,Non core,8
33192,Non core,3
32219,Non core,51
34173,Non core,3
19391,Non core,51
26686,Non core,18
31749,Non core,25
33945,Non core,47
8726,Core,85
2033,Core,20
26343,Non core,623
32291,Non core,197
34017,Non core,29
29350,Non core,20
20104,Non core,13
28510,Non core,13
33987,Non core,3
18279,Non core,44
34462,Non core,3
27345,Non core,8
19690,Non core,7
21909,Non core,197
28295,Non core,10
15895,Core,89
33130,Non core,31
33380,Non core,9
30998,Non core,13
13689,Non core,146
33582,Non core,8
32036,Non core,13
9200,Core,74
10135,Core,951
24501,Core,75
18236,Non core,34
31754,Non core,5
33756,Non core,3
12670,Non core,392
16282,Non core,94
14675,Non core,23
27086,Non core,13
14985,Core,4164
9257,Non core,56
18575,Non core,254
11491,Non core,966
22312,Non core,6
23950,Core,82
11928,Non core,4
33636,Non core,98
12907,Non core,39
31280,Non core,28
33431,Non core,12
20775,Non core,344
31503,Non core,5
27329,Non core,54
32326,Non core,67
32523,Non core,15
10273,Core,378
33826,Non core,10
30523,Core,92
17440,Non core,3
30028,Non core,21
26250,Non core,26
34125,Non core,3
30793,Non core,8
33643,Non core,3
26721,Non core,84
28410,Non core,5
26141,Non core,166
33341,Non core,3
32203,Non core,3
14885,Core,147
19521,Non core,23
23871,Non core,9
5046,Core,1416
34041,Non core,7
29889,Non core,4
2463,Non core,68
31335,Non core,5
20172,Core,1048
30609,Non core,18
27838,Non core,29
33652,Non core,40
30678,Non core,3
10338,Non core,17
24780,Core,84
24816,Non core,6
31662,Non core,18
782,Core,332
29880,Non core,8
11082,Non core,214
34045,Non core,3
19904,Non core,16
20746,Non core,4
26220,Non core,5
31814,Non core,4
32266,Non core,15
6854,Core,1503
17255,Core,47
30495,Non core,13
7386,Non core,33
33379,Non core,21
14624,Non core,21
30314,Non core,6
32833,Non core,3
6484,Core,626
13294,Core,523
33273,Non core,5
28403,Non core,26
16721,Non core,12
28159,Non core,39
33818,Non core,8
22636,Non core,45
25738,Core,58
10420,Core,162
23279,Non core,12
31616,Non core,8
28752,Non core,52
30229,Non core,33
8042,Non core,590
20171,Non core,11
23182,Non core,58
31027,Non core,75
27809,Non core,27
28094,Non core,5
32469,Non core,6
17363,Core,28
33832,Non core,3
32425,Non core,5
6732,Core,1074
28275,Non core,10
33760,Non core,3
19743,Non core,13
27498,Non core,3
8318,Non core,132
28372,Core,113
32578,Non core,7
27715,Non core,15
8212,Non core,6
17042,Non core,32
30746,Non core,11
29863,Non core,12
9592,Non core,793
16347,Non core,21
14552,Non core,125
5805,Core,119
30855,Non core,5
16373,Non core,13
30777,Core,64
30449,Core,84
30262,Non core,7
8898,Core,143
32803,Non core,4
18810,Non core,16
33725,Non core,3
32531,Non core,19
29805,Non core,57
21232,Non core,11
33830,Non core,5
28899,Non core,16
24162,Core,370
30906,Non core,3
16690,Non core,39
33344,Non core,13
22998,Core,207
30025,Core,8
32493,Non core,21
18250,Core,23
33512,Non core,3
19604,Non core,24
30238,Non core,10
32238,Non core,91
7543,Non core,54
6547,Core,8893
360,Core,1818
32577,Core,24
6469,Core,800
31525,Non core,5
30515,Non core,11
20805,Non core,1403
32728,Non core,13
29865,Core,90
25089,Non core,3
5575,Non core,49
29911,Non core,69
33370,Non core,19
31016,Non core,53
18781,Non core,25
32722,Non core,3
30075,Non core,5
9268,Non core,95
27330,Non core,27
17119,Non core,49
14972,Non core,35
32070,Non core,3
28022,Core,296
31871,Non core,9
6994,Non core,94
27499,Non core,10
30438,Non core,24
2,Core,3424
21273,Non core,39
31510,Non core,45
31425,Non core,3
11952,Core,200
30384,Non core,202
32432,Non core,16
30395,Non core,16
22477,Core,56
31828,Non core,72
32245,Non core,5
31455,Non core,6
31825,Non core,58
31479,Non core,16
2475,Non core,23
23757,Non core,33
20466,Non core,378
30516,Non core,4
26032,Non core,5
33295,Non core,3
29585,Non core,21
31241,Non core,10
4162,Core,1263
32635,Non core,4
33353,Core,2
30582,Non core,32
14352,Core,169
7102,Core,1283
25625,Core,227
32171,Non core,17
31821,Core,27
33012,Non core,6
12398,Non core,188
27478,Core,24
27915,Non core,4
28367,Non core,25
16308,Non core,56
30171,Non core,3
33061,Non core,4
30092,Non core,128
20865,Non core,8
17031,Non core,3
22997,Non core,41
8731,Core,1012
5196,Core,1170
27880,Core,29
26580,Non core,7
23847,Core,72
16186,Non core,9
32395,Non core,20
18511,Non core,15
32637,Non core,3
13852,Non core,47
32533,Non core,23
1736,Core,631
16068,Non core,9
28621,Non core,4
29191,Non core,8
8770,Non core,186
33032,Non core,5
29100,Core,32
15921,Non core,98
30963,Non core,10
33148,Non core,7
33176,Non core,6
13178,Non core,19
30211,Non core,3
1669,Core,2584
29349,Non core,7
20363,Non core,69
32880,Non core,3
9555,Non core,281
10086,Non core,41
28128,Non core,16
17686,Non core,3
27252,Non core,5
21570,Non core,18
27224,Core,129
23078,Core,151
16957,Non core,24
9061,Non core,394
6928,Core,1343
4491,Non core,165
11564,Core,991
28332,Non core,27
30447,Non core,20
32956,Non core,4
32802,Non core,5
27954,Non core,97
32431,Non core,8
2472,Core,7166
28721,Non core,9
31713,Non core,14
11816,Non core,154
18256,Non core,21
29268,Non core,61
32067,Non core,100
18031,Non core,11
25277,Core,12
7654,Non core,11
32205,Non core,7
5733,Non core,97
31239,Core,16
10288,Non core,115
19193,Core,66
15935,Non core,6
28849,Non core,23
27052,Non core,10
31750,Non core,8
32220,Non core,5
32643,Non core,3
31310,Non core,9
24872,Core,136
17927,Non core,9
4608,Core,299
23928,Core,917
22018,Non core,18
27380,Non core,132
27399,Non core,18
27383,Non core,33
32163,Non core,26
32211,Non core,27
24849,Non core,10
32518,Non core,4
6167,Core,1029
7249,Core,247
9649,Non core,8
30643,Non core,21
30533,Non core,57
8175,Non core,229
2276,Non core,86
28618,Core,24
25877,Non core,170
23650,Non core,3
26581,Non core,5
8866,Non core,74
20190,Core,808
26584,Non core,95
26272,Non core,3
32296,Non core,4
28654,Non core,98
12356,Core,282
26571,Non core,28
26118,Non core,17
30095,Non core,4
32519,Non core,5
12171,Core,182
30676,Non core,4
6683,Non core,26
28735,Non core,6
26106,Non core,12
30165,Non core,47
11744,Non core,5
21813,Non core,68
22076,Core,103
11810,Non core,8
9725,Non core,62
28014,Non core,35
20944,Non core,7
14369,Non core,40
8482,Core,1113
30705,Non core,3
31959,Non core,5
32304,Core,4
26647,Non core,22
19779,Core,500
8988,Non core,34
11929,Core,37
31823,Non core,5
8745,Non core,182
29161,Non core,107
20312,Non core,37
29157,Non core,37
8099,Core,528
20754,Non core,41
29909,Non core,16
18058,Non core,28
6062,Non core,618
31902,Non core,3
17843,Non core,3
7888,Non core,95
32471,Non core,29
10298,Core,16
2218,Non core,253
31695,Non core,9
17130,Non core,1862
17799,Core,771
32108,Non core,6
29702,Non core,18
5792,Non core,87
17813,Core,35
27180,Non core,16
30921,Non core,6
23267,Non core,9
9426,Non core,14
30755,Non core,24
32073,Non core,3
26617,Non core,74
12860,Core,216
11076,Core,153
29139,Non core,9
21692,Core,374
16222,Core,589
31916,Non core,5
30408,Non core,92
23365,Core,262
29729,Non core,13
25666,Non core,11
4460,Non core,104
28607,Non core,5
16771,Non core,147
31706,Non core,5
14232,Non core,94
13702,Core,153
30759,Core,8
30081,Non core,3
31482,Non core,7
30054,Non core,5
10379,Non core,205
29144,Non core,47
29466,Non core,10
25001,Non core,6
22271,Non core,21
29360,Non core,9
12988,Non core,28
22093,Non core,8
29131,Non core,74
27619,Non core,3
30621,Non core,3
21970,Core,40
23601,Non core,27
10250,Core,123
29298,Non core,10
9963,Non core,52
30356,Non core,142
31960,Non core,6
27944,Non core,10
31835,Non core,5
18736,Non core,6
17887,Non core,17
16984,Core,24
32274,Non core,3
29397,Non core,11
31108,Non core,4
19184,Core,195
30670,Non core,69
25254,Non core,137
27815,Non core,5
27621,Core,179
20451,Non core,7
24791,Non core,307
29954,Non core,12
10343,Non core,644
31258,Non core,5
23598,Non core,25
6633,Non core,12
26498,Non core,7
22406,Core,160
18742,Non core,63
26689,Non core,6
17264,Non core,29
11109,Core,728
23518,Non core,25
30660,Non core,4
24604,Non core,30
28032,Non core,13
24890,Non core,10
29217,Non core,6
30209,Non core,23
30690,Non core,3
31733,Non core,7
31420,Non core,8
13988,Non core,10
22165,Non core,786
26768,Non core,7
18295,Non core,11
31353,Non core,3
14892,Non core,111
25397,Non core,4
28614,Non core,506
29891,Non core,3
11347,Non core,26
27594,Non core,15
12597,Non core,69
8037,Non core,22
11683,Non core,3
11589,Non core,101
14029,Non core,5
10806,Non core,43
29631,Non core,3
26114,Non core,56
27057,Non core,43
1011,Core,52
20635,Non core,1094
8084,Non core,37
31870,Non core,6
23829,Core,52
29270,Non core,5
28664,Non core,4
16310,Core,41
12021,Core,758
31528,Non core,8
2792,Non core,5
4978,Core,389
31836,Non core,5
31106,Non core,5
23314,Non core,99
25011,Non core,12
31903,Non core,3
31209,Non core,8
30133,Non core,56
29671,Non core,3
20301,Non core,5
27336,Non core,89
31004,Non core,45
27420,Non core,18
30920,Non core,7
28470,Non core,3
28948,Core,22
31648,Non core,3
29650,Non core,7
14287,Non core,30
25251,Non core,27
30650,Non core,9
15237,Non core,11
2592,Non core,272
8878,Core,249
29405,Non core,17
29236,Non core,34
30842,Non core,3
23467,Non core,10
31256,Non core,4
14070,Core,850
22799,Non core,79
6873,Core,4357
30322,Non core,17
22259,Non core,22
28354,Non core,3
30598,Non core,8
7923,Non core,615
18795,Non core,226
22595,Non core,53
1916,Non core,188
31817,Non core,3
26463,Non core,45
24580,Non core,27
27302,Non core,37
970,Core,1111
29125,Non core,7
22437,Non core,5
30110,Non core,4
13915,Non core,78
18955,Core,167
30009,Non core,7
16615,Non core,43
11692,Non core,27
31565,Non core,7
28050,Non core,6
30428,Non core,15
19118,Non core,13
18480,Non core,5
23312,Non core,47
28208,Non core,21
22290,Non core,13
27614,Non core,22
30357,Non core,11
31568,Non core,6
30927,Non core,10
28570,Non core,6
11085,Non core,17
26340,Core,253
21714,Non core,31
10022,Core,131
5950,Core,143
29615,Non core,9
10311,Core,77
29539,Non core,6
22578,Non core,5
16668,Non core,30
31539,Non core,7
25837,Non core,35
1523,Non core,17
11503,Non core,9
21672,Core,65
1446,Non core,35
24999,Non core,21
6610,Core,362
10864,Non core,3
27068,Core,121
27462,Non core,11
26588,Core,19
21224,Core,153
28613,Non core,71
31449,Non core,3
3099,Core,285
23317,Non core,284
6133,Core,298
29269,Non core,4
17591,Core,540
28071,Core,17
27633,Non core,6
25817,Non core,8
14807,Non core,28
28452,Non core,13
29503,Non core,26
28628,Non core,6
6924,Non core,588
25648,Non core,8
30728,Non core,3
26570,Non core,23
29344,Non core,14
15362,Non core,8
31182,Non core,7
14570,Non core,21
30735,Non core,3
8125,Core,74
21741,Core,44
24100,Non core,17
29864,Non core,5
26546,Non core,24
21314,Non core,28
25113,Non core,23
30547,Non core,6
15279,Non core,12
20401,Non core,91
22534,Non core,14
14131,Core,80
9712,Non core,643
30442,Non core,6
31210,Non core,3
26867,Non core,4
13734,Core,210
23924,Core,6
30298,Non core,40
29525,Non core,9
29013,Non core,5
27589,Non core,15
25290,Non core,5
16845,Non core,33
31012,Non core,4
29124,Core,24
9057,Non core,7
30687,Non core,8
12050,Non core,16
9625,Core,145
290,Non core,94
29792,Non core,4
19956,Non core,44
13438,Non core,39
11444,Non core,52
28718,Non core,8
10873,Non core,1398
25820,Non core,17
28714,Non core,31
30221,Non core,28
29874,Non core,10
8532,Non core,130
18051,Non core,10
28374,Non core,31
13009,Non core,274
25591,Non core,8
30669,Non core,3
31093,Non core,5
29201,Non core,7
30844,Non core,4
27781,Non core,254
22078,Non core,7
23060,Non core,263
26422,Non core,17
17896,Core,29
26970,Non core,17
27822,Non core,633
10206,Core,223
30883,Non core,6
30657,Non core,3
2889,Core,408
13770,Core,13
31204,Non core,4
19990,Core,64
30717,Non core,29
26931,Non core,8
28949,Non core,4
12281,Non core,117
28082,Non core,13
31189,Non core,3
8716,Core,55
21914,Non core,4
26490,Non core,42
16006,Non core,66
10237,Core,153
55,Core,82
27386,Non core,45
20523,Non core,191
13478,Non core,108
15064,Non core,25
24919,Non core,7
30410,Non core,11
27941,Non core,5
26359,Non core,19
21302,Non core,47
12542,Non core,109
21284,Non core,40
30272,Non core,7
15692,Non core,49
29579,Non core,4
16036,Non core,9
25138,Non core,9
17776,Non core,236
30692,Non core,3
8749,Core,316
29970,Non core,28
29745,Non core,12
28502,Non core,5
22948,Non core,64
29834,Non core,6
29272,Non core,16
26387,Non core,5
6577,Core,312
29239,Non core,7
2062,Core,120
28180,Non core,19
12193,Core,62
22042,Non core,10
20100,Non core,16
20191,Non core,181
30619,Non core,4
8932,Core,192
261,Non core,423
29291,Non core,11
2696,Non core,42
10607,Core,317
21111,Non core,23
30814,Non core,11
30309,Non core,5
27079,Non core,7
16353,Non core,11
26936,Non core,93
19098,Non core,10
28471,Non core,4
330,Core,436
7016,Non core,324
10413,Non core,5
30740,Non core,8
16511,Core,75
26916,Non core,5
28396,Non core,24
30722,Non core,4
30200,Non core,3
9995,Non core,64
18591,Core,495
30960,Non core,6
28777,Non core,11
4187,Core,69
30796,Non core,4
28063,Core,7
29222,Non core,121
26449,Non core,14
7186,Non core,26
6876,Non core,65
21883,Core,76
30220,Non core,3
11880,Non core,41
28258,Non core,4
2394,Core,173
518,Non core,29
29278,Non core,12
21922,Non core,102
4128,Non core,62
19316,Non core,457
27978,Non core,5
29502,Non core,3
29062,Non core,9
30297,Non core,3
26233,Non core,10
30159,Non core,3
27550,Non core,5
22321,Non core,3
29106,Non core,7
29979,Non core,3
5754,Core,469
2903,Core,585
1653,Non core,1394
9098,Core,89
29941,Non core,3
14162,Non core,49
25630,Non core,9
8362,Non core,14
28100,Non core,3
4428,Core,382
28875,Non core,7
22484,Core,279
27979,Non core,6
24005,Non core,22
15222,Non core,12
28011,Non core,13
8116,Non core,27
30099,Non core,15
23186,Core,622
16896,Non core,879
7185,Non core,70
8580,Non core,47
30198,Non core,5
30013,Non core,14
19766,Non core,7
13637,Core,25
29796,Non core,4
1607,Non core,141
24250,Non core,24
27532,Non core,10
27215,Core,32
1918,Non core,68
28543,Non core,177
17499,Non core,352
20229,Core,318
16274,Core,36
28504,Non core,61
20722,Non core,124
30683,Non core,4
5367,Core,763
2874,Core,355
29958,Non core,6
7141,Non core,69
14173,Non core,18
28140,Non core,8
25564,Non core,25
1091,Non core,53
7404,Core,295
25733,Core,28
13111,Non core,125
29364,Non core,12
11391,Non core,167
29668,Non core,10
12323,Non core,99
14123,Non core,6
17880,Core,124
15209,Non core,11
8674,Non core,54
6579,Non core,152
20106,Non core,48
8478,Non core,42
28435,Non core,12
23735,Non core,86
26143,Non core,3
28940,Non core,6
19490,Non core,4
25587,Non core,14
25553,Core,69
28370,Non core,8
24797,Non core,3
26040,Non core,58
30170,Non core,18
22713,Non core,4
29165,Non core,6
19124,Non core,4
29451,Non core,4
15309,Non core,107
19457,Core,46
11278,Core,327
29132,Non core,6
26299,Non core,5
28239,Non core,18
29238,Non core,7
24504,Non core,41
21537,Non core,183
18152,Non core,9
28608,Non core,13
10112,Non core,47
27738,Non core,6
28710,Non core,5
7822,Non core,183
15439,Non core,13
7065,Non core,287
20863,Non core,257
27056,Non core,8
21892,Non core,8
10670,Core,165
5624,Non core,11
28025,Non core,9
25048,Non core,3
9171,Core,311
26297,Non core,648
11479,Core,66
14270,Non core,18
18142,Non core,12
17109,Non core,13
8767,Non core,80
1063,Core,192
16258,Non core,27
396,Non core,8
20866,Non core,105
19159,Core,283
21830,Non core,19
17765,Core,131
25946,Non core,19
30154,Non core,5
30218,Non core,3
28889,Non core,12
15888,Non core,256
29657,Non core,5
29995,Non core,16
23717,Non core,112
8911,Core,93
128,Core,12
21797,Non core,270
25674,Core,44
27898,Non core,147
704,Core,84
2799,Core,1011
16520,Core,65
21723,Non core,48
18851,Non core,150
24132,Non core,30
21369,Non core,27
27459,Non core,11
19156,Non core,9
10980,Core,255
13323,Non core,204
9146,Non core,3
2271,Non core,457
23140,Non core,10
29793,Non core,12
26133,Non core,7
28373,Non core,38
16352,Core,623
11580,Core,46
21907,Non core,13
8768,Non core,58
26365,Non core,3
30132,Non core,3
16363,Non core,8
24687,Non core,13
26505,Non core,4
17120,Core,170
9076,Core,3
21451,Non core,13
15984,Core,487
29674,Non core,5
26569,Non core,9
15905,Core,482
2245,Core,150
24470,Non core,5
3217,Non core,6
18204,Non core,4
16963,Non core,5
10608,Core,169
29572,Non core,3
4,Core,963
8994,Non core,20
29383,Non core,19
24165,Non core,21
27458,Core,17
26968,Non core,13
28695,Non core,13
27060,Non core,18
27977,Non core,10
29960,Non core,5
16960,Non core,10
26286,Non core,9
17893,Core,64
29675,Non core,7
26139,Non core,13
16069,Core,7
10850,Core,131
27654,Core,186
24131,Non core,25
4355,Non core,121
20675,Non core,15
27983,Core,4
23163,Non core,784
27078,Non core,36
26196,Non core,6
12259,Non core,75
22899,Core,8
29254,Non core,3
8788,Non core,213
26925,Non core,4
26541,Non core,42
8757,Non core,25
5623,Core,262
25186,Non core,12
6678,Non core,24
29209,Non core,13
23913,Non core,130
25111,Non core,38
16203,Non core,74
26899,Non core,7
29514,Non core,3
18320,Non core,150
29369,Non core,6
20868,Non core,91
29335,Non core,5
27153,Non core,579
24,Non core,525
27488,Non core,11
26339,Core,31
28665,Non core,18
28646,Non core,7
24042,Non core,10
23942,Non core,17
2813,Core,1360
25588,Non core,3
28521,Non core,97
7272,Core,3
28331,Non core,12
22680,Non core,9
26222,Core,44
17270,Non core,17
12156,Non core,9
22895,Non core,5
28869,Non core,3
17556,Core,26
25618,Non core,10
7614,Non core,7
22420,Non core,3
29423,Non core,146
23625,Non core,25
20970,Core,168
25764,Non core,13
25643,Non core,5
22013,Non core,7
28931,Non core,3
14027,Non core,85
7385,Core,713
8688,Non core,114
26134,Non core,16
16523,Non core,134
19930,Non core,80
21041,Non core,59
4328,Non core,1548
29721,Non core,60
7872,Non core,206
28637,Non core,20
20378,Non core,129
24188,Non core,4
25562,Non core,78
12906,Non core,13
17888,Non core,145
13557,Non core,33
23969,Non core,3
19055,Core,246
28563,Non core,11
19307,Core,32
27593,Non core,20
7509,Non core,384
28935,Non core,208
23081,Non core,138
27385,Non core,62
27372,Non core,38
26507,Core,125
29297,Non core,3
29558,Non core,10
23449,Non core,11
15648,Non core,22
28433,Non core,10
21740,Non core,14
24574,Non core,14
23561,Non core,45
6488,Core,546
8021,Non core,42
10644,Core,26
21691,Non core,328
10384,Core,118
18085,Non core,15
11869,Non core,353
12015,Non core,29
16635,Non core,37
10267,Non core,95
27012,Non core,12
10857,Non core,3
27471,Non core,17
29574,Non core,5
21987,Non core,3
21479,Non core,27
14790,Core,426
10061,Non core,28
15685,Non core,44
25493,Non core,3
27566,Non core,15
12024,Non core,24
25747,Non core,82
25067,Non core,35
26678,Non core,4
17280,Non core,230
28489,Non core,4
14749,Non core,17
25431,Non core,17
6598,Core,67
27507,Non core,24
27549,Non core,54
11561,Core,162
15961,Non core,64
28671,Non core,14
29370,Non core,3
29339,Non core,5
28035,Non core,11
17709,Core,82
25865,Non core,9
19461,Core,19
29452,Non core,3
25547,Non core,6
27143,Non core,27
26776,Non core,27
7,Non core,457
21897,Non core,32
29051,Non core,15
16628,Core,73
19494,Non core,4
26775,Non core,50
20156,Non core,102
18368,Non core,46
28961,Non core,4
2243,Core,674
24297,Non core,23
1390,Non core,318
28592,Non core,5
20751,Non core,8
27253,Core,21
21032,Non core,8
27181,Non core,21
25936,Core,27
7219,Non core,143
20936,Core,67
19644,Core,45
20354,Non core,6
23211,Non core,7
27995,Non core,4
21794,Non core,15
28842,Non core,10
27382,Non core,11
25388,Non core,50
27366,Non core,29
22124,Non core,3
27368,Non core,29
27370,Non core,20
27496,Non core,10
27346,Non core,23
27511,Non core,34
15857,Core,51
18665,Non core,19
1561,Core,1121
24454,Non core,3
29053,Non core,9
28956,Non core,77
9701,Non core,14
22102,Non core,3
15471,Non core,131
21486,Non core,294
11069,Non core,28
9317,Core,140
9172,Non core,129
25903,Non core,367
28411,Non core,5
15834,Non core,11
28174,Non core,37
27069,Non core,47
14614,Non core,139
11915,Core,368
21470,Non core,7
17860,Non core,157
91,Non core,107
16365,Non core,3
20560,Non core,33
14806,Core,59
12715,Non core,279
11365,Non core,7
13953,Non core,72
6637,Core,276
7189,Non core,5
25238,Non core,9
25838,Non core,3
28427,Non core,58
19578,Non core,119
27173,Non core,7
27349,Non core,14
28054,Non core,3
8148,Non core,6
16479,Non core,39
22016,Non core,4
26311,Non core,27
27641,Non core,5
8686,Non core,89
26598,Non core,14
11782,Non core,45
23512,Non core,9
24407,Non core,9
16551,Core,11
26790,Non core,12
23303,Non core,81
26288,Non core,28
13426,Non core,13
24427,Non core,16
22072,Non core,3
21657,Non core,5
14538,Non core,15
16448,Non core,17
16012,Non core,7
25601,Non core,13
8446,Non core,45
26181,Non core,13
27602,Non core,3
28176,Non core,27
3185,Core,147
28653,Non core,3
16171,Non core,38
26402,Non core,5
9044,Non core,41
25575,Core,28
23083,Non core,192
24952,Non core,33
27578,Non core,16
28529,Non core,3
23848,Non core,14
9610,Non core,9
13487,Non core,7
27008,Non core,40
11969,Core,286
23458,Non core,97
22776,Non core,22
11159,Non core,307
14766,Non core,35
13747,Non core,35
23517,Core,189
26972,Non core,6
20369,Non core,14
17505,Core,51
13807,Non core,3
7769,Core,66
27766,Non core,35
13629,Core,39
2376,Non core,48
16124,Non core,3
28101,Non core,7
12455,Core,67
26767,Non core,8
28726,Non core,6
14320,Non core,91
14151,Non core,559
24635,Core,38
21747,Non core,17
26235,Non core,5
27961,Non core,3
27733,Non core,5
18997,Non core,30
21518,Non core,4
25740,Non core,49
14090,Non core,3
9820,Core,100
26355,Non core,6
22694,Non core,96
21781,Core,100
26464,Non core,21
4268,Non core,36
25891,Non core,11
25284,Non core,42
27361,Non core,20
22608,Non core,40
26095,Non core,24
11672,Non core,51
26488,Non core,3
7160,Non core,3
19137,Non core,4
24115,Non core,13
6851,Non core,30
25171,Non core,21
28328,Non core,3
25273,Non core,35
7921,Core,106
21686,Non core,37
8276,Non core,175
7567,Non core,5
13157,Non core,73
16253,Non core,4
21428,Core,57
19140,Core,38
23133,Core,5
21626,Core,70
25695,Core,67
18288,Non core,11
26198,Non core,6
14581,Core,8
18503,Non core,13
9155,Non core,24
16513,Non core,11
25167,Non core,39
25571,Non core,158
28171,Non core,3
15285,Non core,5
9631,Non core,26
16367,Non core,45
23226,Non core,67
23885,Non core,27
12076,Core,181
19554,Non core,169
26460,Non core,5
23479,Non core,4
20905,Non core,6
25568,Non core,18
28278,Non core,26
21113,Non core,10
1297,Core,1748
6159,Core,1242
26072,Non core,113
19853,Non core,216
25221,Non core,33
22560,Non core,3
22683,Non core,20
24645,Non core,48
15100,Non core,158
25456,Non core,186
23840,Non core,159
24739,Non core,42
23235,Core,41
1054,Non core,18
9107,Non core,561
20223,Non core,3
17190,Non core,6
17272,Non core,8
14764,Non core,19
19224,Non core,46
25907,Non core,10
11827,Core,253
17780,Non core,24
21561,Non core,3
9176,Non core,79
24638,Non core,7
22255,Non core,291
15695,Non core,11
12408,Non core,23
22421,Non core,6
19944,Non core,23
12924,Non core,116
27743,Non core,3
25058,Non core,21
23276,Non core,11
25664,Non core,4
21558,Non core,8
28217,Non core,3
28293,Non core,4
27191,Non core,14
7080,Non core,81
19741,Non core,153
26405,Non core,26
26733,Non core,23
2583,Non core,14
23630,Core,106
22582,Non core,106
12080,Non core,11
27201,Non core,5
2622,Non core,399
16710,Non core,85
22323,Non core,16
21151,Non core,39
19844,Non core,5
26006,Non core,6
17386,Core,25
11186,Non core,26
23414,Non core,24
6763,Core,304
27678,Non core,30
7715,Non core,104
25395,Core,72
27577,Non core,29
7012,Core,75
9961,Non core,26
17549,Non core,22
22299,Non core,26
1921,Core,453
27212,Non core,3
26101,Non core,15
19532,Non core,3
18014,Core,8
22604,Non core,17
28333,Non core,3
10063,Core,257
27300,Non core,5
21099,Non core,24
24147,Core,29
27695,Non core,8
16358,Non core,5
6525,Non core,36
333,Core,557
8246,Core,1883
18971,Core,199
27576,Non core,7
24713,Non core,7
8873,Non core,261
18409,Non core,11
25376,Non core,10
23417,Non core,5
9029,Non core,8
10155,Non core,3
7069,Core,153
7764,Non core,24
26151,Non core,21
17795,Non core,53
26445,Non core,11
15699,Non core,185
14084,Non core,29
15492,Non core,16
25033,Non core,40
13343,Non core,129
19849,Non core,5
21414,Core,80
25638,Non core,10
25073,Non core,77
6735,Non core,132
18242,Core,51
13912,Non core,121
18889,Non core,5
19564,Non core,62
26079,Non core,21
12112,Non core,125
26690,Non core,3
20721,Non core,19
26828,Non core,30
21800,Non core,41
2011,Non core,70
8119,Core,386
7307,Non core,370
11237,Non core,9
28075,Non core,11
27546,Non core,17
16704,Non core,27
5558,Non core,91
22380,Non core,10
17920,Non core,59
17981,Non core,28
22224,Non core,8
23401,Core,178
23173,Non core,16
18940,Non core,35
27947,Non core,13
26088,Non core,3
15122,Non core,13
21279,Non core,7
17938,Non core,27
13940,Core,238
16150,Non core,39
5638,Core,1504
26644,Non core,13
8056,Core,76
10628,Non core,89
23416,Non core,6
23760,Non core,5
20902,Core,5
6449,Core,106
22689,Non core,87
25943,Non core,15
23970,Non core,7
26639,Non core,4
14760,Non core,453
17151,Core,249
6088,Non core,8
24711,Non core,12
24127,Non core,3
22522,Non core,6
2928,Non core,8
26263,Non core,33
7693,Non core,5
24438,Non core,26
6589,Non core,31
27697,Non core,13
14757,Non core,14
6558,Core,48
25432,Non core,26
6172,Core,542
25050,Non core,9
11934,Non core,5
14356,Non core,3
22432,Non core,4
9178,Non core,62
8351,Non core,17
18552,Non core,72
16264,Non core,3
21249,Non core,16
14203,Core,31
26861,Non core,4
11303,Non core,129
22977,Non core,10
5930,Non core,16
21690,Non core,42
748,Non core,1101
26089,Non core,7
25632,Non core,10
18343,Non core,59
170,Non core,240
13404,Non core,40
20160,Non core,20
11418,Non core,49
12867,Non core,125
10453,Non core,26
12382,Non core,11
17491,Non core,53
24441,Non core,82
10439,Non core,36
27701,Non core,11
18529,Non core,5
8344,Core,166
18783,Core,64
12767,Non core,8
26025,Non core,9
14852,Non core,4
25585,Non core,6
27006,Non core,9
7776,Non core,31
25731,Non core,6
13998,Non core,44
538,Core,1326
5109,Non core,8
18777,Non core,23
26310,Non core,19
25550,Non core,3
27824,Non core,3
27801,Non core,3
22066,Non core,46
17430,Non core,12
7191,Non core,903
22752,Non core,137
25660,Non core,11
11878,Non core,34
6697,Non core,18
6908,Non core,9
27699,Non core,4
6537,Core,1222
26991,Non core,4
12826,Non core,471
17656,Non core,16
26131,Non core,27
3211,Non core,16
26874,Non core,34
26155,Non core,7
11105,Core,447
11885,Non core,75
26535,Non core,3
11307,Non core,68
27277,Non core,9
26275,Non core,6
12950,Non core,6
11269,Non core,12
18476,Non core,11
26734,Non core,3
12813,Non core,25
27585,Non core,4
24056,Non core,45
14039,Non core,22
14532,Non core,14
11809,Non core,251
27569,Non core,7
18063,Core,3
7338,Non core,28
2417,Non core,219
22818,Non core,9
26251,Non core,6
24209,Non core,52
12947,Non core,25
27405,Non core,6
8347,Non core,3
27611,Non core,6
9237,Core,255
10787,Non core,140
25847,Core,17
19593,Non core,8
22905,Non core,9
1032,Non core,129
21407,Non core,27
24269,Non core,59
15233,Non core,5
19684,Non core,4
11731,Non core,6
9796,Core,830
17045,Non core,28
21020,Non core,6
26895,Non core,11
21531,Non core,6
21103,Non core,10
26018,Non core,7
17716,Non core,23
21550,Non core,37
25899,Non core,15
12296,Non core,5
23055,Core,202
25301,Non core,7
14676,Non core,124
27188,Non core,3
15513,Non core,5
26650,Non core,11
9218,Non core,6
14870,Non core,21
19173,Non core,62
18623,Non core,8
26415,Non core,22
20226,Non core,3
26038,Non core,11
25505,Non core,15
25675,Non core,3
20414,Non core,4
18286,Non core,77
13667,Non core,42
12802,Non core,7
16803,Non core,11
22153,Non core,9
21683,Non core,30
589,Non core,11
24299,Non core,7
23430,Non core,6
25805,Non core,3
15736,Non core,10
23037,Non core,16
22157,Non core,10
15027,Non core,107
22446,Non core,3
22021,Non core,4
9191,Non core,43
26729,Non core,4
16190,Non core,9
26880,Non core,14
24043,Core,16
20259,Non core,35
9979,Non core,27
15326,Non core,5
11221,Non core,3
14091,Core,23
126,Non core,5
18546,Non core,7
22959,Non core,60
7226,Core,454
26509,Non core,12
27059,Non core,6
26171,Non core,4
19960,Non core,15
25072,Non core,16
24064,Non core,4
18785,Non core,22
25239,Non core,15
1894,Non core,64
23766,Core,190
20162,Non core,7
6491,Non core,239
20050,Non core,6
26015,Non core,3
23419,Non core,5
21143,Non core,8
16425,Non core,6
6721,Non core,58
14865,Non core,32
16821,Non core,20
10073,Non core,4
26576,Non core,5
7038,Non core,4
25320,Non core,3
12385,Non core,192
26679,Non core,5
8264,Core,65
12261,Non core,30
13562,Non core,43
13636,Non core,157
18653,Non core,65
25169,Non core,9
6671,Non core,33
8623,Core,163
2888,Core,100
17812,Non core,12
8652,Core,118
9788,Core,104
10034,Non core,17
18179,Non core,159
113,Non core,3
22306,Non core,27
17245,Non core,13
24286,Non core,3
24099,Non core,4
15007,Core,6
986,Core,50
20146,Non core,77
21334,Non core,3
14517,Non core,191
20035,Non core,9
25444,Non core,3
21891,Non core,8
15371,Non core,18
26827,Non core,7
19191,Non core,3
26438,Non core,7
21698,Non core,40
12927,Non core,62
6039,Core,35
15062,Non core,8
25990,Non core,3
23271,Non core,17
26019,Non core,3
26548,Non core,9
23874,Non core,108
8358,Non core,153
25080,Non core,6
24883,Non core,11
16289,Non core,5
12175,Non core,307
18446,Core,59
18494,Non core,24
22037,Non core,20
22368,Non core,6
27020,Non core,4
26590,Non core,5
13431,Non core,26
11022,Non core,147
8181,Non core,4
22932,Non core,4
17257,Non core,6
10035,Core,299
23375,Non core,7
19072,Non core,12
17645,Non core,80
23958,Non core,46
22687,Non core,9
9396,Non core,29
26159,Non core,9
23822,Non core,10
15518,Non core,50
7264,Non core,63
13229,Non core,5
19686,Non core,69
12841,Non core,41
24978,Non core,5
12882,Non core,5
7700,Non core,453
8662,Non core,137
14377,Non core,10
7582,Non core,147
26185,Non core,10
19576,Non core,5
21554,Non core,3
19380,Core,80
22960,Core,35
16168,Non core,249
9664,Non core,336
8072,Non core,8
13047,Non core,32
7007,Core,217
17814,Non core,13
25977,Non core,9
26645,Non core,5
12178,Non core,3
20971,Non core,23
1313,Non core,165
12547,Non core,3
24564,Non core,28
8289,Non core,639
8851,Non core,763
24647,Non core,6
20208,Non core,9
23759,Non core,3
10134,Core,12
17922,Non core,50
16986,Non core,95
26097,Non core,3
20220,Non core,3
17331,Non core,23
9572,Non core,13
23805,Non core,11
6794,Core,107
2759,Non core,122
14007,Non core,64
24355,Non core,5
20883,Core,205
17275,Non core,82
10518,Non core,6
13108,Non core,5
26832,Non core,3
24223,Non core,8
26307,Non core,4
14273,Non core,123
2750,Core,1852
20854,Non core,3
7706,Non core,6
26153,Non core,4
14758,Non core,23
9361,Non core,21
25079,Non core,50
20705,Non core,4
19736,Non core,8
25984,Non core,3
20031,Non core,62
25007,Non core,5
7787,Core,1141
7784,Non core,33
23046,Non core,4
11636,Non core,6
24649,Non core,18
2914,Non core,3
10583,Non core,11
11616,Non core,3
25055,Non core,11
17954,Non core,14
25100,Non core,4
13134,Non core,10
23659,Non core,9
22104,Non core,247
22405,Core,42
9323,Core,134
23310,Non core,7
16759,Non core,7
659,Non core,12
15074,Non core,16
16212,Non core,29
8592,Non core,195
20123,Non core,3
22056,Non core,43
1343,Non core,8
22745,Non core,4
14064,Non core,17
25351,Non core,16
8259,Non core,122
26120,Non core,5
5735,Non core,7
7293,Non core,187
17589,Non core,27
9397,Non core,7
11748,Core,143
22559,Non core,32
24903,Non core,20
6522,Non core,14
20764,Non core,5
20000,Non core,28
23185,Core,81
17288,Non core,3
21135,Non core,18
25225,Non core,20
25245,Non core,4
10992,Non core,14
18602,Non core,130
17478,Non core,7
25433,Non core,7
26271,Non core,50
26242,Non core,5
15168,Core,497
11317,Core,70
18603,Non core,71
20033,Non core,71
12484,Non core,6
17947,Non core,10
24013,Non core,47
11762,Non core,23
9030,Non core,10
612,Core,550
26484,Non core,3
13717,Non core,23
6482,Core,1235
11819,Core,82
24330,Non core,55
20205,Non core,7
25551,Non core,4
9408,Non core,36
6882,Core,10
11968,Non core,30
20099,Non core,4
23382,Non core,16
14509,Core,129
23889,Non core,14
16059,Non core,17
14510,Non core,20
14101,Core,47
19283,Non core,6
25651,Non core,7
7795,Non core,5
12395,Core,81
13167,Non core,9
18347,Non core,15
19910,Non core,7
14867,Non core,158
19478,Non core,6
16237,Non core,614
14744,Non core,7
8290,Non core,338
25559,Non core,28
12634,Non core,10
11704,Non core,17
6984,Core,21
19178,Non core,4
22059,Non core,47
26157,Non core,6
10207,Non core,9
17001,Core,143
10353,Non core,14
25544,Non core,4
23043,Non core,37
26229,Non core,7
19384,Core,178
12736,Non core,39
6638,Non core,55
8174,Non core,95
23621,Non core,3
19740,Non core,23
16305,Non core,33
19707,Non core,3
21239,Non core,21
25944,Non core,64
20850,Non core,5
24925,Non core,52
24924,Non core,31
15524,Non core,26
8190,Non core,345
21485,Non core,23
25448,Non core,4
24290,Non core,4
16277,Core,114
25006,Non core,19
25005,Non core,40
13919,Non core,168
25077,Non core,3
25904,Non core,3
12651,Core,11
18266,Non core,80
20812,Non core,72
12892,Non core,163
23680,Non core,3
5280,Non core,55
21908,Non core,7
19122,Core,209
20443,Non core,40
2834,Non core,871
25026,Non core,5
11268,Non core,77
23012,Non core,13
21515,Non core,6
25720,Non core,82
26295,Non core,17
23435,Non core,49
23821,Non core,7
23602,Non core,40
25593,Non core,3
26179,Non core,5
7217,Non core,166
21204,Non core,49
17788,Non core,3
11313,Non core,33
14620,Non core,7
25237,Non core,3
18115,Non core,5
18404,Non core,40
25846,Non core,6
22810,Non core,36
14562,Non core,19
22589,Non core,11
21510,Non core,5
25065,Non core,5
19350,Core,4
17626,Non core,62
17564,Non core,15
964,Core,1106
21950,Non core,8
7979,Non core,31
18176,Non core,37
20826,Non core,62
8041,Non core,16
708,Core,202
21363,Non core,9
17752,Non core,3
7662,Non core,42
8257,Non core,285
20734,Non core,8
10443,Core,105
25235,Non core,3
17592,Non core,10
10392,Non core,72
19919,Non core,4
25640,Non core,12
22003,Non core,13
7010,Non core,8
10257,Non core,80
22874,Non core,8
16206,Non core,3
19194,Core,21
18627,Non core,3
20638,Non core,15
24870,Non core,3
21023,Non core,9
14348,Core,15
3191,Non core,27
6650,Core,81
894,Non core,9
9416,Non core,19
23983,Non core,5
8126,Core,164
11897,Non core,3
12038,Non core,506
9582,Core,133
11081,Core,389
14610,Non core,48
18845,Non core,74
12056,Non core,4
18600,Non core,5
9423,Non core,30
25105,Non core,3
25109,Non core,7
12972,Non core,8
23094,Non core,45
10487,Non core,222
23984,Non core,6
24062,Non core,11
25323,Non core,9
6843,Non core,26
14962,Non core,176
20184,Non core,17
11227,Non core,6
25274,Non core,5
7104,Non core,3
18898,Non core,12
7173,Non core,49
13962,Core,226
9569,Non core,139
23754,Non core,10
20770,Core,7
6287,Core,17
6825,Non core,30
6804,Non core,25
22064,Non core,19
20361,Non core,3
14598,Non core,16
10547,Non core,7
9207,Non core,13
1555,Non core,3
20998,Non core,5
23936,Non core,3
21999,Non core,4
17959,Non core,6
18182,Non core,3
20403,Non core,13
19774,Non core,9
17784,Core,16
25242,Non core,7
10497,Non core,1279
7468,Non core,275
14340,Core,140
20809,Non core,5
5660,Core,25
7711,Non core,201
15967,Non core,61
13158,Non core,11
13642,Non core,33
24006,Non core,5
20380,Non core,4
23363,Non core,3
15447,Non core,19
7805,Non core,180
8124,Non core,328
10672,Non core,6
7613,Non core,149
23823,Non core,19
8786,Core,538
13630,Non core,13
21355,Non core,4
16278,Non core,3
25041,Non core,3
25101,Non core,4
20128,Non core,7
22263,Non core,6
16157,Non core,12
17842,Non core,7
15808,Non core,3
23882,Non core,4
679,Core,97
18504,Non core,3
9452,Non core,7
25022,Non core,60
11592,Non core,11
23825,Non core,40
14447,Non core,19
18746,Non core,5
22831,Non core,3
18640,Non core,34
7562,Non core,290
11171,Non core,4
10391,Core,295
24562,Non core,3
19790,Non core,18
13564,Non core,62
6849,Non core,262
7350,Non core,281
12686,Non core,136
16046,Non core,76
25661,Non core,3
20382,Non core,5
15077,Non core,10
19142,Core,25
7109,Non core,182
22724,Non core,13
16907,Non core,124
13002,Non core,11
5677,Non core,4
19999,Non core,9
16627,Non core,3
8776,Core,401
24037,Non core,8
23092,Non core,63
23900,Non core,3
1106,Core,79
9194,Non core,21
20277,Non core,8
20287,Non core,85
6524,Non core,314
7368,Non core,11
22111,Non core,26
19011,Core,125
17019,Non core,36
23100,Non core,3
23674,Non core,5
19265,Non core,23
10781,Non core,33
23142,Non core,7
9500,Core,190
21514,Non core,151
15178,Non core,5
25110,Non core,5
7751,Non core,15
22607,Non core,3
21307,Non core,5
21013,Non core,160
24095,Non core,22
22448,Non core,30
14973,Non core,4
14511,Non core,68
14605,Core,48
6635,Non core,76
18784,Non core,65
12807,Non core,160
16625,Non core,25
21511,Non core,35
13883,Non core,91
12297,Non core,11
23733,Non core,68
18462,Core,117
20965,Non core,3
18335,Non core,47
8215,Core,282
668,Core,44
18498,Non core,18
14057,Non core,78
8158,Non core,52
17292,Non core,4
14831,Non core,4
14947,Non core,223
22454,Non core,4
18332,Non core,86
10705,Non core,217
21241,Non core,8
20217,Non core,61
22775,Non core,14
21216,Non core,13
5371,Core,61
20129,Non core,6
6348,Core,283
9588,Non core,174
13539,Non core,6
23883,Non core,10
12092,Non core,25
2419,Core,111
21297,Core,24
22218,Non core,38
24533,Non core,6
15070,Non core,23
18595,Non core,7
7253,Non core,234
23450,Non core,5
18464,Non core,58
22774,Non core,22
9162,Core,84
22600,Non core,4
12955,Non core,11
15750,Non core,11
23741,Non core,5
21977,Non core,5
8054,Non core,7
17172,Non core,109
14591,Non core,32
20340,Non core,5
19884,Non core,101
23249,Non core,4
24164,Non core,16
3009,Core,429
23565,Non core,9
21722,Non core,45
7725,Core,369
25128,Non core,23
10959,Core,299
22219,Non core,40
21141,Non core,23
12199,Non core,63
16618,Non core,4
8976,Non core,70
9234,Non core,77
21144,Non core,11
18338,Non core,72
25401,Non core,3
21648,Non core,78
23026,Non core,3
19901,Non core,7
12071,Non core,166
20858,Non core,44
6987,Non core,31
9775,Non core,37
13344,Non core,217
16620,Non core,17
18893,Core,59
19312,Non core,6
23433,Non core,6
22863,Non core,50
23446,Non core,28
15929,Non core,12
16883,Non core,6
20297,Non core,17
22077,Non core,3
18337,Non core,58
7018,Core,76
11642,Non core,13
13295,Non core,34
19119,Core,415
12000,Non core,243
22342,Non core,9
9988,Non core,23
10897,Non core,83
9514,Non core,5
20462,Non core,12
10213,Non core,24
13124,Non core,12
8882,Core,312
8205,Non core,45
17742,Non core,12
10836,Non core,27
22220,Non core,30
7230,Core,130
22226,Non core,6
14768,Non core,20
18805,Non core,25
7331,Non core,102
24648,Non core,20
18339,Non core,39
24022,Non core,4
16197,Non core,17
22514,Non core,17
22860,Non core,4
21660,Non core,18
8766,Core,885
18967,Non core,18
17599,Non core,10
21696,Non core,102
21865,Non core,7
22221,Non core,8
20120,Non core,28
22781,Non core,16
22735,Non core,3
7745,Core,557
979,Non core,71
15917,Non core,54
17540,Non core,34
18321,Non core,10
12279,Non core,24
8736,Non core,528
23330,Non core,4
24080,Non core,23
13063,Non core,133
6456,Core,221
15002,Non core,21
6486,Non core,1305
5044,Non core,151
19590,Non core,30
6991,Non core,3
17361,Non core,11
18717,Non core,5
17218,Non core,23
21872,Non core,8
16027,Non core,11
22946,Non core,3
17821,Non core,8
15333,Non core,6
11509,Non core,8
6508,Non core,6
9037,Non core,306
24289,Non core,4
23205,Non core,20
21406,Non core,12
14819,Non core,85
8777,Core,97
10215,Non core,238
24786,Non core,10
20140,Non core,7
20079,Non core,154
12388,Non core,7
11264,Non core,4
16686,Non core,3
20446,Non core,28
11803,Non core,65
17907,Non core,4
11034,Core,580
13248,Non core,63
15409,Non core,23
5707,Non core,246
21242,Non core,20
9216,Non core,15
17070,Non core,17
11426,Non core,4
11397,Core,32
20507,Non core,6
19991,Non core,3
15140,Non core,4
11889,Non core,51
12320,Non core,99
22060,Non core,8
19935,Non core,221
14037,Non core,16
22036,Non core,14
21007,Non core,17
20509,Non core,26
7665,Core,218
10374,Non core,38
19948,Non core,4
19481,Non core,14
22778,Non core,67
11750,Non core,62
156,Core,104
13485,Non core,74
17192,Non core,88
23082,Non core,3
13380,Core,110
22664,Non core,3
19814,Non core,578
18563,Non core,4
23006,Non core,42
24081,Non core,26
9064,Non core,41
12088,Non core,28
21361,Non core,5
16297,Non core,21
6754,Non core,47
4476,Non core,3
14063,Non core,4
13290,Non core,108
19206,Non core,38
19755,Non core,3
16871,Non core,6
22650,Non core,7
23184,Non core,24
16233,Non core,112
8151,Non core,19
18429,Non core,8
21598,Non core,17
21125,Non core,3
19227,Non core,3
18903,Non core,50
8614,Non core,20
7428,Core,280
9622,Non core,147
8802,Non core,96
10115,Non core,78
23122,Non core,5
11151,Core,99
17244,Non core,12
20411,Non core,28
14907,Non core,23
19642,Non core,5
22020,Non core,122
20506,Non core,11
7229,Non core,5
10556,Non core,20
18455,Non core,48
24406,Non core,10
21591,Non core,80
12804,Non core,10
17901,Non core,16
3012,Core,178
8789,Non core,164
22779,Non core,4
20910,Non core,5
9276,Core,37
20587,Core,1
15123,Non core,25
13372,Non core,5
11155,Core,94
23483,Non core,3
21649,Non core,7
22981,Core,59
5545,Core,11
9312,Core,68
19587,Non core,4
16518,Non core,68
18225,Non core,19
13719,Non core,105
7565,Core,19
10526,Non core,8
22227,Non core,4
14576,Non core,151
7121,Non core,23
18092,Core,63
2506,Core,167
9382,Core,462
7063,Core,45
6951,Non core,152
11047,Non core,54
20541,Non core,15
9152,Non core,21
12394,Core,94
22793,Non core,30
18205,Core,237
7195,Core,616
21077,Non core,30
11538,Core,20
21832,Non core,4
20797,Non core,7
16421,Non core,7
9930,Non core,15
7729,Non core,76
14643,Non core,171
19153,Non core,16
10347,Non core,8
22692,Non core,61
20761,Non core,23
19520,Non core,36
10438,Non core,3
11865,Non core,123
7478,Non core,54
22041,Non core,13
7037,Non core,10
13070,Core,177
4656,Non core,191
22830,Non core,5
21668,Non core,18
11708,Non core,33
7227,Non core,141
20194,Core,90
23269,Non core,8
20428,Non core,13
10224,Core,296
16679,Non core,5
21614,Non core,9
21413,Non core,7
20630,Non core,23
8837,Non core,55
8840,Non core,6
8735,Core,590
24036,Non core,3
12444,Non core,86
8803,Non core,4
20522,Non core,8
14342,Non core,228
20667,Non core,60
7225,Core,299
21179,Non core,8
22113,Non core,19
7664,Non core,19
19594,Non core,3
11716,Core,180
20195,Core,39
14167,Non core,105
6677,Core,247
21902,Non core,35
14124,Core,128
22797,Non core,4
13786,Non core,11
21231,Non core,3
860,Non core,34
21748,Non core,6
10489,Non core,49
15383,Non core,5
6904,Non core,38
12325,Core,66
23551,Non core,11
18093,Non core,17
17671,Non core,5
21583,Non core,4
17089,Non core,34
24086,Non core,14
24343,Non core,5
17579,Non core,15
10594,Non core,5
16106,Non core,59
23162,Non core,9
19303,Non core,15
22749,Non core,6
19345,Non core,22
6772,Non core,153
24237,Non core,20
7732,Core,340
18015,Non core,18
22266,Non core,180
24313,Non core,6
22377,Non core,3
12299,Non core,51
16039,Non core,7
1528,Core,215
23192,Non core,5
22678,Non core,4
20294,Non core,3
11861,Core,78
9782,Non core,49
6685,Non core,35
15907,Non core,11
15338,Non core,8
20038,Core,70
11343,Core,404
19645,Non core,3
6788,Non core,87
15847,Non core,13
21644,Non core,25
23719,Non core,7
11898,Non core,81
23654,Non core,5
22328,Non core,3
7256,Non core,81
8127,Core,210
22787,Non core,3
19136,Non core,118
20986,Non core,16
5319,Non core,13
9746,Non core,52
9377,Non core,50
22524,Non core,12
8040,Non core,474
16707,Non core,22
2023,Core,79
20426,Non core,38
22588,Non core,8
10221,Non core,13
7075,Non core,53
16322,Non core,5
19985,Non core,19
22525,Non core,24
19300,Non core,95
13258,Non core,8
7125,Non core,135
15950,Non core,10
18086,Non core,3
12673,Non core,42
20465,Non core,8
10618,Non core,74
18414,Non core,10
10540,Non core,114
16934,Non core,8
17973,Non core,29
18023,Non core,10
14154,Non core,32
12407,Non core,8
12712,Non core,24
14565,Non core,4
16794,Non core,3
18793,Non core,82
9515,Non core,388
14732,Non core,3
13342,Non core,7
1464,Core,12
22653,Non core,4
19157,Core,217
6437,Non core,8
17711,Non core,8
10881,Core,11
10558,Non core,26
15293,Core,77
15321,Non core,60
12604,Core,90
17207,Non core,254
12134,Non core,7
1531,Core,165
7473,Non core,24
12559,Non core,126
23590,Non core,4
9031,Core,12
20864,Non core,59
20313,Non core,35
8298,Non core,26
16853,Non core,9
19619,Non core,18
23013,Non core,10
7658,Non core,12
20076,Non core,6
12609,Non core,29
7042,Non core,210
7710,Non core,339
6938,Non core,29
20566,Non core,17
20256,Non core,12
12039,Non core,176
6995,Core,21
1082,Non core,23
4330,Non core,123
20752,Non core,4
21287,Non core,57
15101,Non core,10
20325,Non core,67
20298,Non core,9
23204,Non core,4
7553,Non core,11
9576,Core,134
7833,Non core,18
17465,Non core,4
20519,Non core,49
8410,Non core,293
16558,Non core,11
22457,Non core,20
11235,Non core,44
11549,Non core,6
12582,Non core,21
1779,Non core,466
7770,Non core,48
22233,Non core,3
21927,Non core,7
18289,Non core,19
22837,Non core,57
162,Non core,12
6450,Non core,165
10475,Core,142
12732,Non core,27
11907,Non core,10
12087,Non core,4
15353,Non core,15
17377,Non core,31
17133,Non core,41
14963,Non core,4
6889,Core,31
14946,Non core,69
20933,Non core,4
13206,Non core,8
23047,Non core,3
19799,Non core,32
9060,Non core,72
22771,Non core,4
15388,Non core,4
6719,Non core,457
10419,Core,198
23193,Non core,4
23402,Non core,3
21063,Non core,4
18334,Non core,15
22574,Non core,43
23116,Non core,6
22834,Non core,31
23020,Non core,4
9387,Core,252
21885,Non core,21
11176,Non core,26
1247,Non core,1107
7858,Non core,67
21765,Non core,7
6676,Non core,538
23413,Non core,7
18934,Non core,21
11238,Non core,7
15426,Non core,6
19370,Non core,9
19213,Non core,13
13082,Non core,175
11804,Non core,7
741,Non core,967
12661,Non core,95
4625,Core,27
9392,Non core,5
19233,Core,31
22305,Non core,3
425,Non core,153
7882,Non core,120
15515,Core,55
8035,Non core,9
20327,Non core,3
20405,Non core,8
19760,Non core,23
20508,Non core,15
14228,Non core,10
16993,Non core,46
10088,Non core,14
105,Core,371
6609,Core,83
13001,Non core,14
14708,Non core,128
22044,Non core,7
9558,Non core,7
1726,Core,177
17289,Non core,6
21820,Non core,44
7126,Non core,156
10675,Non core,4
18026,Non core,9
17754,Non core,22
21061,Non core,4
14365,Non core,3
13059,Non core,12
13340,Non core,3
9095,Core,84
8797,Core,107
17043,Non core,7
10266,Non core,11
19390,Non core,6
5003,Non core,7
11685,Non core,77
23681,Non core,9
7448,Non core,217
18448,Non core,10
20563,Non core,57
21877,Non core,8
14937,Non core,289
20773,Non core,100
11671,Non core,14
6659,Non core,155
18401,Non core,4
20425,Non core,26
7132,Non core,246
13752,Non core,145
14656,Non core,16
18652,Non core,7
16414,Non core,60
13474,Non core,5
14615,Non core,27
13325,Non core,21
13306,Non core,18
1420,Non core,654
16658,Non core,31
14159,Non core,70
13575,Non core,3
13840,Non core,10
19592,Non core,9
20246,Non core,21
428,Non core,3
14680,Non core,29
17993,Non core,4
18808,Non core,22
6608,Non core,10
6689,Non core,6
5441,Non core,306
20364,Non core,41
18238,Non core,129
7398,Non core,22
22141,Non core,4
11302,Non core,81
19611,Non core,5
22670,Non core,3
12363,Non core,172
6571,Non core,42
17357,Non core,5
17714,Non core,25
21469,Non core,13
16958,Non core,12
20559,Non core,42
6316,Non core,76
12525,Non core,56
13201,Non core,4
11662,Non core,64
21522,Non core,23
13931,Non core,35
14316,Non core,43
15307,Non core,3
15910,Non core,3
10578,Non core,3
21290,Non core,3
11670,Non core,6
22754,Non core,10
16840,Non core,3
9448,Non core,17
16437,Non core,9
19858,Non core,6
14943,Non core,5
11820,Non core,9
19290,Non core,11
22869,Non core,3
22132,Non core,36
18747,Non core,27
13149,Core,252
22739,Non core,32
9591,Core,52
19158,Core,95
11614,Non core,14
23272,Non core,3
15232,Core,10
14257,Non core,14
17169,Non core,10
7400,Non core,27
12133,Non core,46
11877,Non core,3
22925,Non core,4
19372,Non core,97
9730,Non core,263
15424,Non core,69
7179,Non core,31
9624,Non core,47
2537,Non core,138
21775,Non core,4
10127,Non core,34
16819,Non core,40
6509,Non core,27
17026,Non core,30
1923,Non core,49
18009,Non core,107
10210,Non core,5
8330,Core,45
20384,Non core,77
12141,Non core,21
12959,Non core,5
8003,Non core,195
10744,Non core,4
9671,Non core,14
14396,Non core,58
19797,Non core,32
6981,Non core,19
17517,Non core,21
11578,Core,1
23209,Non core,6
22835,Non core,12
18941,Non core,3
21342,Non core,5
13055,Non core,39
6645,Non core,24
12485,Non core,6
22968,Non core,6
9581,Non core,43
12459,Core,86
287,Core,47
9717,Core,415
15943,Non core,48
22575,Non core,3
7535,Core,158
16574,Non core,29
11682,Core,62
3098,Non core,150
10295,Non core,32
16929,Non core,11
6695,Non core,49
12139,Non core,44
21198,Non core,5
21309,Non core,11
11526,Non core,4
12512,Non core,292
20105,Non core,44
7781,Non core,19
17081,Non core,71
20828,Non core,6
22777,Non core,22
17180,Non core,13
17730,Non core,28
9659,Non core,46
490,Non core,54
7419,Core,99
17595,Non core,9
22587,Non core,6
9048,Non core,27
7423,Non core,88
22025,Non core,7
6506,Non core,19
5209,Non core,15
14473,Non core,5
8829,Non core,143
22281,Non core,6
14421,Non core,17
8965,Non core,107
19120,Non core,29
13194,Non core,140
2828,Non core,103
7505,Non core,146
12758,Non core,32
22493,Non core,5
19210,Core,5
14165,Non core,3
13617,Non core,4
7462,Non core,26
19378,Non core,5
11730,Non core,6
21465,Non core,4
22562,Non core,20
14711,Non core,4
18290,Non core,66
20771,Non core,6
18654,Non core,12
19209,Core,101
20981,Non core,3
14606,Non core,12
20376,Non core,13
20515,Non core,5
13938,Non core,5
20517,Non core,70
16666,Non core,5
18549,Non core,11
8978,Non core,120
10780,Non core,41
19902,Non core,25
16814,Non core,5
21713,Non core,3
15171,Non core,26
9459,Non core,31
11279,Non core,123
11447,Non core,51
12402,Non core,35
10697,Non core,28
11778,Core,169
22911,Non core,7
10652,Non core,21
17898,Non core,6
21217,Non core,6
14307,Non core,47
13516,Non core,51
15488,Non core,6
6886,Non core,6
14305,Non core,73
21918,Non core,15
17553,Non core,7
18479,Non core,3
15526,Non core,53
16962,Non core,98
6116,Non core,109
20873,Non core,16
19542,Non core,19
17699,Non core,8
6620,Non core,17
7575,Non core,80
17734,Non core,10
10635,Non core,5
11061,Non core,11
12275,Non core,21
18247,Non core,25
10814,Non core,3
6836,Non core,108
16064,Non core,7
12637,Non core,27
13895,Non core,31
13697,Non core,5
7789,Non core,95
21075,Non core,3
15640,Non core,22
6820,Non core,8
11758,Non core,6
9166,Non core,3
19921,Non core,11
16066,Non core,84
16047,Non core,6
9366,Non core,26
220,Non core,17
17861,Non core,9
17116,Non core,66
22487,Non core,6
16482,Non core,14
22217,Non core,4
1112,Non core,81
6623,Core,160
22223,Non core,4
455,Non core,186
12514,Non core,4
20581,Non core,5
19805,Non core,4
22315,Non core,10
12632,Non core,7
17877,Non core,12
22815,Non core,3
14957,Non core,15
8890,Non core,6
7604,Non core,199
19199,Non core,8
8005,Non core,73
9521,Non core,64
20481,Non core,4
21996,Core,44
20839,Non core,3
4395,Non core,684
22143,Non core,21
13510,Non core,32
141,Non core,6
22894,Non core,3
15041,Non core,14
14249,Non core,10
6055,Non core,9
22314,Non core,15
10488,Non core,81
10369,Non core,20
19845,Non core,5
14374,Non core,5
20743,Non core,16
14844,Non core,4
11610,Non core,8
20429,Non core,4
18838,Non core,9
18613,Non core,19
15763,Non core,3
18732,Non core,3
22557,Non core,6
15315,Non core,53
6717,Non core,36
16522,Non core,29
15359,Non core,11
9945,Non core,3
780,Non core,5
22216,Non core,4
7002,Non core,44
14339,Non core,12
19267,Non core,11
13318,Non core,11
20336,Non core,12
15429,Non core,6
681,Core,7
12912,Non core,9
10008,Non core,7
995,Non core,103
12378,Non core,3
18589,Non core,4
12952,Non core,30
14535,Non core,3
21642,Non core,15
6899,Non core,125
12362,Non core,7
13768,Non core,46
4340,Non core,25
8491,Core,70
12612,Non core,58
18593,Non core,4
16800,Non core,17
16051,Non core,135
8931,Non core,225
17952,Non core,24
21304,Non core,3
21546,Non core,3
18117,Non core,7
19861,Non core,4
14981,Non core,13
21074,Non core,3
17476,Non core,3
22210,Non core,4
7450,Core,19
10241,Non core,3
14840,Non core,6
19963,Non core,6
12184,Non core,12
19573,Non core,8
11356,Core,100
8970,Non core,56
6554,Non core,58
20082,Non core,4
17436,Non core,3
17862,Non core,6
9126,Non core,38
8514,Non core,6
17321,Non core,3
1865,Non core,35
17455,Non core,12
14372,Core,55
8533,Non core,28
7020,Non core,40
10485,Non core,74
13362,Core,94
6460,Core,29
18068,Non core,6
16917,Non core,36
21381,Non core,3
12043,Non core,3
17731,Non core,11
22061,Non core,3
13900,Non core,12
15755,Non core,40
7935,Non core,44
22298,Non core,17
9453,Non core,75
11011,Non core,12
16392,Non core,4
21168,Non core,7
15427,Non core,8
20254,Non core,3
1207,Non core,17
21423,Non core,4
13968,Non core,3
19765,Non core,12
19500,Non core,3
6587,Non core,9
21876,Non core,3
14439,Non core,6
20037,Non core,3
14168,Non core,27
17717,Non core,7
14726,Non core,27
16495,Non core,55
21739,Core,5
8091,Non core,203
20003,Non core,3
15029,Non core,6
18032,Non core,4
13537,Non core,8
15192,Non core,7
10474,Core,57
18802,Non core,5
21006,Non core,4
752,Non core,13
11017,Non core,4
16252,Non core,3
7021,Non core,9
20276,Non core,4
15361,Non core,4
5600,Non core,23
14924,Non core,4
13655,Non core,3
15248,Non core,4
177,Non core,169
13203,Non core,62
8443,Core,36
15922,Non core,6
9364,Non core,9
7461,Non core,51
11698,Non core,3
8279,Non core,37
21808,Non core,23
9927,Non core,13
12963,Non core,3
21152,Non core,9
11751,Non core,5
21033,Non core,9
13454,Non core,29
9705,Non core,4
16774,Non core,3
16318,Non core,11
19472,Non core,13
6923,Non core,150
6698,Non core,27
13463,Non core,10
12817,Core,248
21810,Non core,3
14762,Non core,14
20960,Non core,3
16652,Non core,14
13997,Non core,56
19288,Non core,13
14028,Non core,20
6786,Non core,901
20188,Non core,3
20158,Non core,6
532,Non core,5
17555,Non core,5
14838,Non core,3
7471,Non core,71
11676,Non core,10
8959,Non core,35
10136,Core,283
20107,Non core,14
6032,Non core,4
20449,Non core,6
20271,Non core,6
17536,Non core,7
6662,Core,77
15130,Non core,6
12069,Non core,81
9983,Non core,61
11434,Non core,9
13524,Non core,9
9648,Core,18
8601,Core,96
15095,Non core,6
20316,Non core,12
1613,Non core,6
9000,Non core,6
9626,Non core,7
12692,Non core,3
18324,Non core,9
16793,Non core,5
10725,Non core,20
14379,Non core,3
17139,Non core,22
19561,Non core,11
10584,Core,72
17718,Non core,3
17419,Non core,6
11650,Non core,96
13274,Core,15
3068,Core,81
14926,Non core,14
20772,Non core,14
10987,Non core,52
17147,Non core,6
11757,Non core,11
18061,Non core,19
12516,Non core,7
6967,Non core,34
17858,Non core,3
19720,Non core,10
9439,Non core,80
9975,Non core,8
11774,Non core,3
9577,Non core,5
9970,Non core,11
4190,Core,892
20526,Non core,6
19920,Non core,12
19071,Non core,5
8399,Non core,54
7984,Non core,6
18485,Non core,8
17179,Non core,14
7494,Non core,215
18683,Non core,50
11094,Non core,107
18438,Non core,6
10156,Non core,6
8083,Non core,23
17609,Non core,4
6632,Non core,3
8954,Non core,44
19132,Non core,76
12443,Non core,53
13595,Non core,8
15358,Non core,56
18386,Non core,44
8392,Core,242
18389,Non core,91
7812,Non core,16
2835,Non core,115
9981,Non core,88
18643,Non core,9
16493,Non core,7
4240,Non core,106
20553,Non core,5
10674,Non core,24
15637,Non core,7
19950,Non core,32
9337,Non core,15
7128,Non core,698
14823,Non core,11
1773,Non core,27
8300,Non core,32
13505,Non core,45
20196,Non core,14
15742,Non core,19
13084,Non core,19
12053,Non core,106
17523,Non core,5
2468,Non core,55
6072,Non core,168
9301,Non core,25
9248,Non core,10
2265,Non core,62
10371,Non core,4
14691,Non core,26
7534,Non core,57
7761,Non core,122
19450,Non core,3
11424,Non core,92
10046,Non core,42
7135,Non core,77
15028,Non core,3
11255,Non core,16
20791,Non core,4
9285,Non core,6
11546,Non core,3
14887,Non core,9
17953,Non core,3
15452,Non core,7
18913,Non core,5
12624,Non core,3
17832,Non core,24
14556,Non core,33
19282,Non core,14
1941,Non core,261
6043,Non core,78
20661,Non core,12
10665,Non core,29
17958,Non core,41
20090,Non core,3
6783,Non core,24
18769,Non core,3
5511,Non core,283
16683,Non core,14
19348,Non core,11
11637,Non core,17
15225,Non core,23
19076,Non core,3
7049,Non core,108
8000,Core,68
19056,Non core,3
10327,Non core,8
4715,Core,875
19954,Non core,7
10753,Non core,4
13354,Non core,10
11029,Core,39
107,Core,30
8106,Non core,61
12417,Non core,21
16234,Non core,4
9770,Non core,44
20928,Non core,3
20181,Non core,11
15454,Non core,39
8859,Non core,33
15341,Non core,36
8090,Non core,166
11433,Non core,9
9977,Non core,78
13169,Non core,8
9647,Non core,86
18723,Non core,62
11427,Non core,87
16272,Non core,28
12850,Non core,14
10477,Non core,42
17123,Non core,67
4159,Non core,24
14318,Non core,8
17489,Non core,10
19692,Non core,4
11114,Non core,38
16687,Non core,5
19739,Non core,7
20137,Non core,3
19560,Non core,33
15825,Non core,5
11832,Non core,31
16769,Non core,25
15934,Non core,5
19346,Core,3
9526,Non core,18
7514,Core,6
20453,Non core,3
8912,Non core,32
17527,Non core,5
15274,Non core,16
2967,Non core,34
18137,Non core,20
13289,Non core,20
8787,Non core,299
12232,Core,6
17005,Non core,20
13948,Non core,155
10517,Non core,5
17277,Non core,19
18336,Non core,4
10016,Non core,24
406,Non core,53
2035,Non core,192
12999,Non core,27
15226,Non core,9
9091,Non core,296
11364,Non core,8
17405,Non core,8
13933,Non core,24
17254,Non core,4
3094,Non core,4
19214,Non core,8
19548,Non core,4
16226,Non core,3
5957,Non core,5
17211,Non core,16
13781,Core,6
19840,Non core,43
9551,Non core,30
2467,Non core,11
6162,Non core,62
20430,Non core,9
11689,Non core,11
19951,Non core,6
5217,Non core,27
2861,Non core,58
20556,Non core,4
12140,Non core,12
16292,Non core,4
15470,Non core,9
16701,Non core,8
18658,Non core,9
15799,Non core,14
15660,Non core,19
11587,Non core,23
17333,Non core,5
10515,Non core,55
13979,Non core,5
15902,Non core,3
1009,Non core,39
6694,Non core,17
13152,Non core,9
2860,Non core,47
8328,Non core,19
11956,Non core,23
6835,Core,120
18170,Non core,9
11903,Non core,42
19591,Non core,3
10440,Non core,22
136,Core,8
11215,Non core,6
9911,Non core,10
14884,Non core,25
15259,Core,12
12321,Core,48
10827,Non core,31
8576,Non core,87
7653,Non core,14
8804,Non core,8
19133,Non core,61
16426,Non core,3
10896,Non core,3
18729,Core,2
12442,Non core,18
2481,Non core,59
17705,Non core,5
11208,Non core,25
18399,Non core,29
7874,Non core,12
20444,Non core,4
14923,Non core,16
10917,Non core,4
9740,Non core,62
11482,Non core,3
8001,Non core,58
10281,Non core,52
9066,Non core,13
19419,Non core,10
14689,Non core,13
14103,Non core,5
12403,Non core,25
19361,Non core,4
6917,Non core,23
14445,Non core,9
8907,Core,271
395,Non core,233
19414,Non core,6
11387,Non core,9
10271,Non core,9
15106,Non core,3
8627,Non core,9
20260,Non core,3
18258,Non core,8
10442,Non core,82
7203,Non core,36
15342,Non core,9
15644,Non core,5
12400,Non core,19
1970,Non core,38
15881,Non core,19
8935,Non core,52
19333,Non core,6
10345,Non core,7
8968,Non core,22
14355,Non core,3
3108,Non core,33
14543,Non core,74
18668,Non core,5
14078,Non core,4
16170,Non core,6
7052,Non core,27
17588,Non core,10
16490,Non core,4
7133,Non core,14
11784,Non core,3
6223,Non core,7
14099,Non core,8
15675,Non core,4
13013,Non core,11
19196,Non core,34
14457,Non core,5
739,Non core,81
14363,Non core,3
10263,Non core,57
14033,Non core,3
7221,Non core,4
10507,Non core,11
13107,Non core,9
2284,Core,433
14274,Non core,12
17360,Non core,10
9093,Non core,12
12561,Non core,46
14927,Non core,3
7244,Non core,23
5174,Non core,118
14891,Non core,5
15311,Non core,21
19653,Non core,3
16553,Non core,4
6631,Non core,9
1269,Non core,11
17869,Non core,5
16714,Non core,3
9253,Non core,30
14810,Non core,19
161,Non core,23
13560,Non core,63
2404,Non core,10
18811,Non core,8
16910,Non core,15
13086,Non core,6
18743,Non core,4
16356,Non core,3
10786,Non core,4
16788,Core,12
5538,Non core,39
17293,Non core,4
11752,Non core,3
15739,Non core,15
12208,Non core,4
7409,Non core,6
7479,Non core,88
8016,Non core,8
9327,Non core,4
8143,Non core,21
12920,Non core,4
12214,Non core,6
19050,Non core,3
11428,Non core,17
97,Non core,46
15867,Non core,3
10796,Non core,30
13720,Non core,19
9068,Non core,12
9032,Non core,5
17200,Non core,10
18540,Non core,4
2448,Core,677
5055,Non core,13
11941,Non core,22
3114,Non core,22
17013,Non core,67
10140,Non core,3
14030,Non core,11
14010,Non core,5
10984,Non core,40
11622,Non core,4
12351,Non core,3
11098,Non core,31
7433,Non core,10
19851,Non core,3
19226,Non core,15
19535,Non core,3
13771,Non core,74
16964,Non core,3
19383,Non core,6
16132,Non core,7
17457,Non core,4
17317,Non core,8
7600,Non core,142
14358,Non core,48
18087,Non core,4
16100,Non core,5
9168,Core,1
19776,Non core,3
7387,Non core,5
15125,Non core,3
15932,Non core,13
19460,Non core,3
11110,Non core,10
19688,Non core,27
17753,Non core,19
17063,Non core,3
15346,Core,18
10513,Non core,10
15280,Non core,3
8202,Non core,7
14955,Non core,31
13790,Non core,50
17425,Non core,5
4992,Non core,11
10731,Non core,6
15904,Non core,16
11189,Non core,30
18520,Non core,20
1795,Non core,31
17332,Non core,3
1925,Core,59
216,Non core,112
7262,Non core,87
17976,Non core,5
11577,Non core,61
8247,Non core,68
8112,Non core,72
12974,Non core,3
19085,Non core,14
15832,Non core,5
11997,Non core,11
4894,Non core,21
215,Non core,45
9546,Non core,9
19195,Non core,3
8542,Non core,13
8464,Non core,15
6160,Non core,10
14536,Non core,3
13546,Non core,6
17104,Non core,30
1976,Non core,18
1387,Non core,3
14594,Non core,11
9498,Core,68
8302,Non core,24
14578,Non core,12
16631,Non core,15
1706,Non core,25
13278,Non core,3
6807,Non core,13
8305,Non core,4
17950,Non core,3
7485,Core,20
19148,Non core,3
16246,Non core,7
6542,Non core,4
12953,Non core,17
7774,Non core,93
6434,Non core,3
13785,Non core,35
1882,Non core,16
8645,Non core,14
9315,Non core,122
13801,Non core,5
13777,Non core,10
16982,Non core,4
14649,Non core,5
13805,Non core,74
17399,Non core,4
17995,Non core,45
7860,Non core,8
12114,Non core,9
3189,Non core,24
9189,Non core,96
10574,Non core,18
13869,Non core,3
13845,Non core,9
9878,Non core,10
13291,Non core,11
17214,Non core,3
11768,Non core,4
13664,Non core,45
1991,Core,23
9601,Non core,34
12749,Non core,20
15642,Non core,9
16754,Non core,3
17327,Non core,3
7155,Non core,314
15701,Non core,10
18465,Non core,3
18460,Non core,5
18064,Non core,3
17156,Core,7
7431,Core,13
19060,Core,1
16901,Non core,9
5293,Non core,158
13660,Non core,5
7806,Non core,153
18001,Non core,8
9854,Non core,4
13176,Non core,4
18096,Non core,4
13420,Non core,16
10370,Non core,24
10795,Non core,44
12994,Non core,4
12182,Non core,4
14428,Non core,30
8515,Non core,3
842,Non core,4
18466,Non core,10
13833,Non core,8
9623,Non core,8
17322,Non core,18
9750,Non core,23
12866,Non core,27
16433,Non core,18
17098,Non core,3
17866,Non core,4
7591,Non core,8
17248,Non core,3
9410,Non core,237
17881,Non core,6
17002,Non core,4
14036,Non core,7
12875,Non core,70
8824,Non core,90
12200,Non core,175
14413,Non core,3
13662,Non core,56
12606,Non core,84
8092,Non core,9
8074,Non core,6
16781,Non core,6
12814,Non core,9
18609,Non core,3
17990,Non core,32
5390,Non core,90
17276,Non core,4
31,Non core,5
12100,Non core,8
18122,Non core,15
16973,Non core,4
13609,Non core,47
11884,Non core,3
5387,Non core,61
11759,Non core,6
11084,Non core,4
1849,Non core,1088
12693,Non core,67
16173,Non core,3
10348,Core,5
10676,Non core,26
17988,Non core,14
8603,Core,1
8748,Non core,6
14888,Non core,3
17789,Non core,40
18276,Non core,6
17987,Non core,5
6714,Non core,50
14345,Non core,4
15903,Non core,8
7703,Non core,15
17836,Non core,13
11714,Non core,3
11701,Non core,8
5828,Non core,8
11825,Non core,6
17967,Non core,3
6802,Non core,28
14202,Non core,6
17897,Non core,9
10383,Non core,20
17659,Non core,12
13923,Non core,4
16054,Non core,3
14829,Non core,4
13104,Non core,6
10380,Non core,65
9212,Non core,5
16172,Non core,3
16053,Non core,9
7148,Non core,38
8617,Non core,23
6124,Non core,65
2515,Non core,6
15299,Non core,12
12721,Non core,4
13461,Non core,5
8940,Non core,6
16415,Non core,5
17101,Non core,3
10300,Non core,44
15463,Core,1
14753,Non core,6
15760,Non core,4
17041,Non core,5
13623,Non core,19
17004,Non core,5
13868,Non core,15
11059,Non core,25
16121,Non core,8
17203,Non core,5
7491,Non core,167
7187,Non core,29
7515,Non core,16
8544,Non core,3
9548,Core,119
13445,Non core,107
13355,Non core,7
8103,Non core,54
8098,Non core,3
17481,Non core,3
7987,Non core,18
9596,Non core,7
14508,Non core,3
15149,Non core,6
17302,Non core,3
9335,Non core,14
2101,Non core,6
9100,Non core,6
8889,Non core,5
10375,Non core,14
13925,Non core,16
15497,Non core,6
8188,Core,28
16801,Non core,3
13227,Non core,11
10797,Non core,10
9380,Non core,9
16129,Non core,3
6550,Non core,38
12454,Non core,16
16561,Non core,9
14265,Non core,22
13665,Non core,10
16249,Non core,3
1812,Non core,134
9096,Non core,29
1687,Non core,46
10428,Non core,25
11798,Non core,5
9946,Non core,4
10579,Non core,5
9142,Non core,48
12711,Non core,7
6601,Non core,52
11674,Core,15
15823,Non core,6
12929,Non core,9
12355,Non core,25
8376,Non core,7
15830,Non core,6
1192,Non core,155
14551,Non core,4
9492,Non core,10
15501,Non core,3
12035,Non core,3
15005,Non core,13
10662,Non core,8
12215,Non core,10
14862,Non core,3
12149,Non core,21
16115,Non core,6
15373,Non core,5
14237,Non core,5
6785,Non core,6
12930,Non core,5
9297,Non core,4
16268,Non core,3
15465,Non core,5
6890,Non core,15
14496,Non core,6
1375,Core,143
8411,Non core,300
10677,Non core,11
16165,Non core,5
10486,Non core,7
9940,Non core,20
53,Non core,3
10014,Non core,195
11881,Non core,27
13744,Non core,14
6670,Non core,7
16557,Non core,6
16540,Non core,3
5313,Non core,22
124,Non core,12
5149,Non core,14
10105,Non core,5
13525,Non core,8
14375,Non core,15
10732,Non core,3
13663,Non core,26
9383,Non core,3
11555,Non core,12
2036,Non core,11
13161,Non core,40
10657,Non core,7
8434,Non core,3
16208,Non core,5
16374,Non core,4
11042,Non core,3
13409,Non core,13
9420,Non core,39
10870,Non core,3
6983,Non core,19
11079,Non core,14
8582,Non core,5
14802,Non core,4
6498,Non core,16
11312,Non core,10
11970,Non core,35
6494,Non core,12
9204,Non core,11
10359,Non core,4
8574,Non core,40
7976,Non core,35
9488,Non core,65
15653,Non core,3
14720,Non core,3
9186,Non core,36
11661,Non core,13
13909,Non core,3
8710,Core,30
14920,Non core,9
12548,Non core,6
9349,Non core,6
15697,Non core,15
321,Non core,360
7181,Non core,13
10765,Non core,4
16238,Non core,3
7677,Non core,43
13795,Non core,5
15142,Non core,3
12160,Non core,4
7827,Non core,3
1107,Core,29
14269,Non core,8
7661,Non core,6
1057,Non core,3
15068,Non core,3
9051,Non core,15
15914,Non core,5
11753,Non core,3
7193,Core,43
8172,Non core,9
14965,Non core,3
9454,Non core,19
9174,Non core,4
9924,Non core,20
15804,Non core,6
11193,Non core,3
9041,Non core,5
10020,Non core,4
14991,Non core,5
11530,Non core,21
16110,Non core,5
8984,Non core,24
8507,Non core,115
14248,Non core,3
8467,Non core,3
1689,Non core,49
8094,Non core,54
14702,Non core,7
5892,Non core,16
12412,Non core,3
11602,Non core,5
10818,Non core,9
12064,Non core,3
7624,Non core,27
14795,Non core,10
12936,Non core,5
10856,Core,8
7878,Non core,9
8053,Non core,95
13555,Non core,8
12022,Non core,19
904,Non core,15
9978,Non core,20
13644,Non core,6
15173,Non core,8
14777,Non core,3
8412,Non core,48
6687,Non core,5
14474,Non core,13
14917,Non core,7
11647,Non core,11
10555,Non core,3
1678,Non core,37
2556,Non core,4
7134,Non core,11
10070,Non core,6
14272,Non core,3
14786,Non core,9
11361,Non core,4
13873,Non core,7
14900,Non core,3
114,Non core,14
14138,Non core,7
12103,Non core,5
12524,Non core,8
12256,Non core,22
9432,Non core,29
15304,Non core,8
9180,Non core,32
2230,Non core,34
9067,Non core,12
2667,Non core,11
9550,Non core,32
9101,Non core,91
7930,Non core,32
5189,Non core,28
11711,Non core,4
12108,Non core,44
12699,Non core,3
11355,Non core,6
11599,Non core,31
5292,Non core,362
12196,Non core,8
8512,Non core,9
9778,Non core,14
14071,Non core,3
3208,Non core,4
6672,Non core,4
14475,Non core,9
15272,Non core,3
13924,Non core,35
11813,Non core,7
14015,Non core,6
13386,Non core,4
6549,Non core,134
11783,Non core,5
8004,Non core,33
13819,Non core,4
8876,Non core,11
6230,Non core,98
1935,Non core,21
475,Non core,301
11024,Core,10
11822,Non core,6
14271,Non core,5
14195,Non core,5
9077,Non core,15
7183,Non core,35
13273,Non core,21
4573,Non core,66
11006,Core,20
10559,Non core,38
10335,Non core,7
14252,Non core,4
26,Non core,99
5215,Non core,5
11902,Non core,18
14692,Non core,7
13634,Non core,8
6838,Non core,10
12669,Non core,8
8577,Non core,21
7962,Non core,20
12954,Non core,6
8296,Non core,9
11224,Non core,8
10971,Non core,13
2807,Non core,40
12211,Non core,4
14522,Non core,3
8792,Non core,10
4220,Non core,13
6139,Non core,5
1872,Non core,21
1816,Non core,350
12847,Non core,5
13470,Non core,9
1803,Non core,33
12030,Non core,3
9040,Core,6
9121,Non core,7
12861,Non core,5
7008,Non core,7
11864,Non core,4
12487,Non core,4
7687,Non core,17
8996,Non core,30
1870,Non core,21
6094,Non core,56
100,Non core,310
6896,Non core,12
6463,Non core,7
1839,Non core,5
13762,Non core,12
9856,Non core,5
7555,Non core,256
14024,Non core,8
10165,Non core,15
8646,Non core,19
6781,Non core,3
1298,Non core,24
10750,Non core,5
10373,Non core,40
12849,Non core,5
8587,Non core,11
13817,Non core,3
6969,Non core,56
13518,Non core,8
8415,Non core,56
144,Non core,33
12293,Non core,11
9684,Non core,51
6153,Non core,22
6769,Non core,8
10290,Non core,19
8153,Non core,7
2067,Non core,10
7366,Non core,135
11349,Non core,5
9605,Non core,26
2031,Non core,86
9461,Non core,3
688,Non core,40
8155,Non core,24
8130,Non core,28
5127,Non core,12
11045,Non core,7
6648,Core,16
12588,Non core,9
7590,Non core,3
11153,Non core,4
866,Core,252
12119,Non core,4
1633,Non core,51
2208,Non core,5
8414,Non core,24
67,Non core,645
10791,Non core,15
13527,Non core,5
1501,Non core,89
1037,Non core,15
1994,Non core,393
13140,Non core,5
12626,Non core,3
10126,Non core,5
5619,Non core,10
12084,Non core,3
8537,Non core,3
11096,Non core,14
7743,Non core,3
7746,Non core,9
1253,Non core,11
9853,Non core,3
12177,Non core,12
7823,Non core,21
1005,Non core,18
7579,Non core,20
12716,Non core,8
694,Non core,57
11603,Non core,7
12631,Non core,6
6268,Non core,45
7536,Non core,50
7472,Non core,15
13606,Non core,5
7796,Non core,13
8759,Non core,63
7585,Non core,64
12036,Non core,3
10683,Non core,9
6703,Non core,3
5347,Non core,15
7680,Non core,153
13755,Non core,3
12605,Non core,3
10161,Non core,3
6529,Non core,12
2340,Non core,270
7136,Non core,26
1605,Non core,7
11737,Non core,3
11638,Non core,11
11324,Non core,12
8430,Non core,23
10829,Non core,9
12970,Non core,4
8505,Non core,30
2064,Non core,43
7139,Non core,56
7170,Non core,12
9556,Non core,19
8517,Non core,6
12566,Non core,3
8214,Non core,48
8435,Non core,8
9493,Non core,5
8651,Non core,34
2763,Non core,15
2531,Non core,5
1030,Non core,306
4468,Non core,35
10536,Non core,12
8895,Non core,47
11203,Non core,6
7336,Non core,16
6427,Core,156
10667,Non core,3
11473,Non core,15
12124,Non core,6
10816,Non core,3
10139,Non core,10
12415,Non core,7
159,Non core,94
8685,Non core,10
7593,Non core,21
4463,Non core,50
9533,Non core,22
12737,Non core,5
8052,Non core,39
9552,Non core,7
9683,Non core,15
9219,Non core,3
8874,Non core,39
12231,Non core,7
7260,Core,3
11425,Non core,3
6728,Non core,4
10812,Non core,4
5477,Non core,5
994,Non core,26
12190,Non core,3
10777,Non core,24
7439,Non core,4
8334,Core,96
10279,Non core,11
8642,Non core,6
8027,Non core,31
7589,Non core,24
12129,Non core,8
11163,Non core,3
10634,Non core,12
9749,Non core,20
8369,Non core,39
10352,Non core,15
2649,Non core,8
7248,Non core,4
8831,Non core,7
11174,Non core,3
10310,Non core,3
6918,Non core,4
6767,Non core,7
9062,Non core,35
9537,Core,106
1525,Non core,47
7498,Non core,22
4912,Non core,21
5557,Non core,3
6507,Non core,27
6526,Non core,61
9658,Non core,3
10393,Non core,6
6661,Non core,19
8910,Non core,10
7763,Non core,65
9932,Non core,3
4418,Non core,11
356,Non core,6
9847,Non core,5
7641,Non core,58
11702,Non core,7
4954,Non core,9
6536,Non core,15
1007,Non core,11
693,Non core,5
11923,Non core,3
6530,Non core,34
7405,Non core,4
11333,Non core,3
11197,Non core,4
11521,Non core,3
10247,Non core,17
616,Non core,131
9895,Non core,5
6447,Non core,14
9499,Non core,15
2455,Non core,61
7237,Non core,4
11606,Non core,3
11626,Non core,21
9450,Non core,28
2258,Non core,4
7420,Non core,5
7073,Non core,15
7466,Non core,3
9722,Non core,5
8560,Core,4
9190,Non core,3
9089,Non core,12
8794,Non core,9
8085,Non core,13
9223,Non core,26
9680,Non core,7
2976,Non core,23
9113,Non core,27
10304,Non core,7
5956,Non core,4
1216,Non core,154
9409,Non core,8
9536,Non core,38
4325,Non core,13
6706,Non core,7
9094,Non core,7
9331,Non core,47
7309,Non core,10
9645,Non core,14
2559,Non core,9
8282,Non core,9
8844,Non core,15
9129,Non core,5
10110,Non core,54
9407,Non core,32
7317,Non core,16
11667,Non core,6
7116,Non core,5
8967,Non core,10
10018,Non core,18
1981,Non core,7
10880,Non core,8
10956,Non core,3
10626,Non core,16
1228,Non core,12
2846,Non core,3
9449,Non core,19
8861,Non core,4
9355,Non core,27
11399,Non core,5
9755,Non core,3
7701,Non core,14
8255,Non core,3
8429,Non core,7
10966,Non core,9
6198,Non core,124
9214,Non core,16
9275,Non core,40
8784,Non core,6
8622,Non core,14
10200,Non core,11
7916,Non core,5
4458,Non core,67
6944,Non core,56
8930,Non core,41
2170,Non core,11
5639,Non core,8
7752,Non core,3
9958,Non core,4
9429,Non core,3
9608,Core,5
7689,Non core,27
7537,Non core,7
8107,Non core,4
10277,Non core,11
7355,Non core,7
9046,Non core,3
917,Non core,24
951,Non core,10
2560,Non core,9
5300,Non core,21
6699,Non core,6
7850,Non core,7
11240,Core,3
9122,Non core,5
7817,Non core,14
9225,Non core,13
7236,Non core,37
7996,Non core,116
6156,Non core,35
10378,Non core,5
9205,Core,2
9412,Non core,5
7915,Non core,6
191,Non core,21
10301,Non core,3
7389,Non core,23
438,Non core,3
8839,Non core,46
3,Non core,1092
7975,Non core,7
7629,Non core,19
8408,Non core,27
10000,Non core,16
9415,Non core,16
8660,Non core,5
10217,Non core,3
4375,Non core,136
447,Non core,156
9933,Non core,3
7750,Non core,4
7808,Non core,69
8497,Non core,3
7349,Non core,35
10179,Non core,7
1603,Non core,28
7532,Non core,10
494,Non core,37
5652,Non core,54
7909,Non core,12
971,Non core,5
9485,Non core,3
7802,Non core,4
9431,Non core,6
10269,Non core,6
6800,Non core,21
9718,Non core,4
9698,Non core,7
1333,Non core,3
7150,Non core,17
8047,Non core,32
10356,Non core,4
10106,Non core,5
4601,Non core,43
10283,Non core,5
10479,Non core,6
7642,Non core,26
9014,Non core,6
8432,Non core,4
7282,Non core,9
9347,Non core,3
8163,Non core,4
9313,Non core,6
10203,Non core,10
7395,Non core,20
7411,Non core,5
6743,Non core,17
8229,Non core,20
6799,Non core,4
8278,Non core,9
10212,Non core,3
5410,Non core,5
9894,Non core,8
6624,Non core,13
4120,Non core,24
8254,Non core,4
1441,Non core,23
9520,Non core,12
9560,Non core,27
6859,Non core,37
7220,Non core,22
6603,Non core,3
5,Non core,120
7040,Non core,23
7948,Non core,9
1119,Non core,10
5259,Non core,5
5586,Non core,122
9173,Non core,8
7737,Non core,25
9069,Non core,16
9272,Non core,10
8311,Non core,5
8494,Non core,5
8944,Non core,56
9719,Non core,3
8486,Non core,4
2934,Non core,32
7051,Non core,17
7289,Non core,10
8641,Non core,52
8625,Non core,5
7482,Non core,5
7393,Non core,10
4726,Non core,19
8309,Non core,3
5678,Non core,13
6582,Non core,8
8293,Non core,10
143,Non core,14
7884,Non core,9
8607,Non core,10
7714,Non core,8
7625,Non core,4
6823,Non core,37
7039,Non core,13
7895,Non core,4
9475,Non core,4
2401,Non core,41
7676,Non core,13
6971,Non core,25
8262,Non core,3
1049,Non core,3
8865,Non core,36
2453,Non core,3
8057,Non core,3
8689,Non core,5
6722,Non core,102
2589,Non core,9
4200,Non core,5
8304,Non core,14
112,Non core,40
6704,Non core,7
2096,Non core,14
8286,Non core,15
706,Non core,75
8401,Non core,9
7500,Non core,14
8826,Non core,3
7794,Non core,8
5162,Non core,10
8808,Non core,3
7838,Non core,5
8732,Non core,18
2674,Non core,6
5222,Non core,18
6578,Non core,3
6950,Non core,3
6657,Non core,3
7842,Non core,4
8510,Non core,3
6461,Non core,8
6943,Non core,99
7992,Non core,10
6758,Non core,9
6604,Non core,26
8426,Non core,5
7322,Non core,3
6473,Non core,4
8743,Non core,4
7913,Non core,4
6880,Non core,3
6684,Non core,3
7753,Non core,5
7937,Non core,3
8380,Non core,9
7399,Non core,15
4277,Non core,33
8217,Non core,5
7531,Non core,9
1782,Non core,17
595,Non core,22
8321,Non core,3
236,Non core,18
8495,Non core,6
7708,Non core,14
6493,Non core,35
1475,Non core,10
6845,Non core,3
7138,Non core,6
7029,Non core,4
6948,Non core,9
8128,Non core,9
927,Non core,5
7441,Non core,5
6850,Non core,21
1267,Non core,71
2069,Non core,16
1132,Non core,605
8133,Non core,7
7727,Non core,6
838,Non core,9
7447,Non core,5
6939,Non core,8
6540,Non core,3
4234,Non core,4
7162,Non core,6
7231,Non core,7
7302,Non core,9
4919,Non core,14
7780,Non core,5
7890,Non core,5
5971,Non core,8
7837,Non core,4
7060,Non core,4
6414,Non core,42
4108,Non core,23
6992,Non core,6
7094,Non core,10
6798,Non core,9
1952,Non core,9
2634,Non core,25
7028,Non core,6
5499,Non core,6
2140,Non core,26
6828,Non core,4
794,Non core,5
6847,Non core,9
4693,Non core,11
1636,Non core,6
6539,Non core,4
4598,Non core,47
4419,Non core,22
6073,Non core,5
4303,Non core,3
882,Non core,6
1828,Non core,4
6724,Non core,11
6369,Non core,62
6760,Non core,14
4284,Non core,5
1711,Non core,77
6495,Non core,3
6761,Non core,10
209,Non core,82
6999,Non core,4
2697,Non core,13
2439,Non core,7
6949,Non core,3
6686,Non core,3
1627,Non core,67
1395,Non core,10
1822,Non core,7
6,Non core,67
2654,Non core,47
1794,Non core,8
931,Non core,3
221,Non core,8
4184,Non core,10
864,Non core,5
6237,Non core,3
6690,Non core,6
6588,Non core,5
385,Core,71
2238,Non core,29
1075,Non core,11
5889,Non core,6
6455,Non core,6
2804,Non core,5
1586,Non core,4
4634,Non core,4
642,Non core,17
1699,Non core,20
1175,Non core,8
2264,Non core,3
186,Non core,4
2681,Non core,3
543,Non core,41
4405,Non core,8
2847,Non core,3
4987,Non core,12
2043,Non core,9
1998,Non core,60
5520,Non core,3
1177,Non core,21
1257,Non core,8
335,Non core,6
2185,Non core,5
5727,Non core,3
5704,Non core,8
4411,Non core,4
2322,Non core,3
4214,Non core,4
5408,Non core,4
2535,Non core,35
5574,Non core,3
1136,Non core,3
1749,Non core,8
1904,Non core,10
1322,Non core,11
4630,Non core,13
1176,Non core,4
1071,Non core,9
4567,Non core,16
1205,Non core,94
4302,Non core,10
4950,Non core,4
2459,Non core,3
4148,Non core,3
4126,Non core,3
941,Non core,3
4381,Non core,8
2458,Non core,33
1155,Non core,103
1188,Non core,3
357,Non core,10
2174,Non core,8
1801,Non core,7
154,Non core,5
2883,Non core,8
2383,Non core,13
2135,Non core,14
2510,Non core,3
1184,Non core,3
1814,Non core,5
1456,Non core,35
512,Non core,3
233,Non core,51
271,Non core,36
998,Non core,27
1783,Non core,10
1419,Non core,7
1226,Non core,4
845,Non core,15
34,Non core,6
1806,Non core,6
8,Non core,76
1549,Non core,8
1958,Non core,5
1861,Non core,3
